solid ASCII
  facet normal 1.256312e-01 5.579147e-17 -9.920770e-01
    outer loop
      vertex   6.786020e+00 -4.000000e+00 -2.150000e+01
      vertex   6.786020e+00 -2.000000e+00 -2.150000e+01
      vertex   7.035291e+00 -4.000000e+00 -2.146843e+01
    endloop
  endfacet
  facet normal 1.256312e-01 5.579147e-17 -9.920770e-01
    outer loop
      vertex   7.035291e+00 -4.000000e+00 -2.146843e+01
      vertex   6.786020e+00 -2.000000e+00 -2.150000e+01
      vertex   7.035291e+00 -2.000000e+00 -2.146843e+01
    endloop
  endfacet
  facet normal 3.689622e-01 1.638521e-16 -9.294444e-01
    outer loop
      vertex   7.035291e+00 -4.000000e+00 -2.146843e+01
      vertex   7.035291e+00 -2.000000e+00 -2.146843e+01
      vertex   7.268826e+00 -4.000000e+00 -2.137573e+01
    endloop
  endfacet
  facet normal 3.689622e-01 0.000000e+00 -9.294444e-01
    outer loop
      vertex   7.268826e+00 -4.000000e+00 -2.137573e+01
      vertex   7.035291e+00 -2.000000e+00 -2.146843e+01
      vertex   7.268826e+00 -2.000000e+00 -2.137573e+01
    endloop
  endfacet
  facet normal 5.889996e-01 0.000000e+00 -8.081333e-01
    outer loop
      vertex   7.268826e+00 -4.000000e+00 -2.137573e+01
      vertex   7.268826e+00 -2.000000e+00 -2.137573e+01
      vertex   7.471879e+00 -4.000000e+00 -2.122773e+01
    endloop
  endfacet
  facet normal 5.889996e-01 2.615684e-16 -8.081333e-01
    outer loop
      vertex   7.471879e+00 -4.000000e+00 -2.122773e+01
      vertex   7.268826e+00 -2.000000e+00 -2.137573e+01
      vertex   7.471879e+00 -2.000000e+00 -2.122773e+01
    endloop
  endfacet
  facet normal 7.718518e-01 3.427711e-16 -6.358025e-01
    outer loop
      vertex   7.471879e+00 -4.000000e+00 -2.122773e+01
      vertex   7.471879e+00 -2.000000e+00 -2.122773e+01
      vertex   7.631633e+00 -4.000000e+00 -2.103380e+01
    endloop
  endfacet
  facet normal 7.718518e-01 6.855421e-16 -6.358025e-01
    outer loop
      vertex   7.631633e+00 -4.000000e+00 -2.103380e+01
      vertex   7.471879e+00 -2.000000e+00 -2.122773e+01
      vertex   7.631633e+00 -2.000000e+00 -2.103380e+01
    endloop
  endfacet
  facet normal 9.059748e-01 8.046672e-16 -4.233317e-01
    outer loop
      vertex   7.631633e+00 -4.000000e+00 -2.103380e+01
      vertex   7.631633e+00 -2.000000e+00 -2.103380e+01
      vertex   7.738000e+00 -4.000000e+00 -2.080616e+01
    endloop
  endfacet
  facet normal 9.059748e-01 0.000000e+00 -4.233317e-01
    outer loop
      vertex   7.738000e+00 -4.000000e+00 -2.080616e+01
      vertex   7.631633e+00 -2.000000e+00 -2.103380e+01
      vertex   7.738000e+00 -2.000000e+00 -2.080616e+01
    endloop
  endfacet
  facet normal 9.829010e-01 0.000000e+00 -1.841347e-01
    outer loop
      vertex   7.738000e+00 -4.000000e+00 -2.080616e+01
      vertex   7.738000e+00 -2.000000e+00 -2.080616e+01
      vertex   7.784266e+00 -4.000000e+00 -2.055919e+01
    endloop
  endfacet
  facet normal 9.829010e-01 -8.729915e-16 -1.841347e-01
    outer loop
      vertex   7.784266e+00 -4.000000e+00 -2.055919e+01
      vertex   7.738000e+00 -2.000000e+00 -2.080616e+01
      vertex   7.784266e+00 -2.000000e+00 -2.055919e+01
    endloop
  endfacet
  facet normal 9.977739e-01 -8.862013e-16 6.668716e-02
    outer loop
      vertex   7.784266e+00 -4.000000e+00 -2.055919e+01
      vertex   7.784266e+00 -2.000000e+00 -2.055919e+01
      vertex   7.767510e+00 -4.000000e+00 -2.030849e+01
    endloop
  endfacet
  facet normal 9.977739e-01 -1.329302e-15 6.668716e-02
    outer loop
      vertex   7.767510e+00 -4.000000e+00 -2.030849e+01
      vertex   7.784266e+00 -2.000000e+00 -2.055919e+01
      vertex   7.767510e+00 -2.000000e+00 -2.030849e+01
    endloop
  endfacet
  facet normal 9.814906e-01 -1.307608e-15 1.915104e-01
    outer loop
      vertex   7.767510e+00 -2.000000e+00 -2.030849e+01
      vertex   4.195122e+00 -2.000000e+00 -2.000000e+00
      vertex   7.767510e+00 -4.000000e+00 -2.030849e+01
    endloop
  endfacet
  facet normal 9.814906e-01 -3.809113e-16 1.915104e-01
    outer loop
      vertex   7.767510e+00 -4.000000e+00 -2.030849e+01
      vertex   4.195122e+00 -2.000000e+00 -2.000000e+00
      vertex   4.195122e+00 -4.000000e+00 -2.000000e+00
    endloop
  endfacet
  facet normal -0.000000e+00 1.000000e+00 0.000000e+00
    outer loop
      vertex   3.965926e+00 -2.000000e+00 -1.975882e+01
      vertex   4.000000e+00 -2.000000e+00 -1.950000e+01
      vertex   6.786020e+00 -2.000000e+00 -2.150000e+01
    endloop
  endfacet
  facet normal 0.000000e+00 1.000000e+00 0.000000e+00
    outer loop
      vertex   6.786020e+00 -2.000000e+00 -2.150000e+01
      vertex   4.000000e+00 -2.000000e+00 -1.950000e+01
      vertex   4.000000e+00 -2.000000e+00 -1.650000e+01
    endloop
  endfacet
  facet normal 0.000000e+00 1.000000e+00 -0.000000e+00
    outer loop
      vertex   6.786020e+00 -2.000000e+00 -2.150000e+01
      vertex   4.000000e+00 -2.000000e+00 -1.650000e+01
      vertex   7.767510e+00 -2.000000e+00 -2.030849e+01
    endloop
  endfacet
  facet normal 0.000000e+00 1.000000e+00 0.000000e+00
    outer loop
      vertex   7.767510e+00 -2.000000e+00 -2.030849e+01
      vertex   4.000000e+00 -2.000000e+00 -1.650000e+01
      vertex   3.965926e+00 -2.000000e+00 -1.624118e+01
    endloop
  endfacet
  facet normal 0.000000e+00 1.000000e+00 0.000000e+00
    outer loop
      vertex   7.767510e+00 -2.000000e+00 -2.030849e+01
      vertex   3.965926e+00 -2.000000e+00 -1.624118e+01
      vertex   4.195122e+00 -2.000000e+00 -2.000000e+00
    endloop
  endfacet
  facet normal 0.000000e+00 1.000000e+00 0.000000e+00
    outer loop
      vertex   4.195122e+00 -2.000000e+00 -2.000000e+00
      vertex   3.965926e+00 -2.000000e+00 -1.624118e+01
      vertex   3.866026e+00 -2.000000e+00 -1.600000e+01
    endloop
  endfacet
  facet normal 0.000000e+00 1.000000e+00 0.000000e+00
    outer loop
      vertex   4.195122e+00 -2.000000e+00 -2.000000e+00
      vertex   3.866026e+00 -2.000000e+00 -1.600000e+01
      vertex   3.707107e+00 -2.000000e+00 -1.579289e+01
    endloop
  endfacet
  facet normal 0.000000e+00 1.000000e+00 -0.000000e+00
    outer loop
      vertex   3.707107e+00 -2.000000e+00 -1.579289e+01
      vertex   3.500000e+00 -2.000000e+00 -1.563397e+01
      vertex   4.195122e+00 -2.000000e+00 -2.000000e+00
    endloop
  endfacet
  facet normal 0.000000e+00 1.000000e+00 0.000000e+00
    outer loop
      vertex   4.195122e+00 -2.000000e+00 -2.000000e+00
      vertex   3.500000e+00 -2.000000e+00 -1.563397e+01
      vertex   3.258819e+00 -2.000000e+00 -1.553407e+01
    endloop
  endfacet
  facet normal 0.000000e+00 1.000000e+00 0.000000e+00
    outer loop
      vertex   4.195122e+00 -2.000000e+00 -2.000000e+00
      vertex   3.258819e+00 -2.000000e+00 -1.553407e+01
      vertex   3.000000e+00 -2.000000e+00 -1.550000e+01
    endloop
  endfacet
  facet normal 0.000000e+00 1.000000e+00 -0.000000e+00
    outer loop
      vertex   3.000000e+00 -2.000000e+00 -1.550000e+01
      vertex   1.862645e-07 -2.000000e+00 -1.550000e+01
      vertex   4.195122e+00 -2.000000e+00 -2.000000e+00
    endloop
  endfacet
  facet normal 0.000000e+00 1.000000e+00 0.000000e+00
    outer loop
      vertex   4.195122e+00 -2.000000e+00 -2.000000e+00
      vertex   1.862645e-07 -2.000000e+00 -1.550000e+01
      vertex   -2.000000e+00 -2.000000e+00 -2.000000e+00
    endloop
  endfacet
  facet normal 0.000000e+00 1.000000e+00 0.000000e+00
    outer loop
      vertex   -2.000000e+00 -2.000000e+00 -2.000000e+00
      vertex   1.862645e-07 -2.000000e+00 -1.550000e+01
      vertex   -2.588189e-01 -2.000000e+00 -1.553407e+01
    endloop
  endfacet
  facet normal 0.000000e+00 1.000000e+00 0.000000e+00
    outer loop
      vertex   -2.000000e+00 -2.000000e+00 -2.000000e+00
      vertex   -2.588189e-01 -2.000000e+00 -1.553407e+01
      vertex   -4.999998e-01 -2.000000e+00 -1.563397e+01
    endloop
  endfacet
  facet normal 0.000000e+00 1.000000e+00 0.000000e+00
    outer loop
      vertex   -4.999998e-01 -2.000000e+00 -1.563397e+01
      vertex   -7.071066e-01 -2.000000e+00 -1.579289e+01
      vertex   -2.000000e+00 -2.000000e+00 -2.000000e+00
    endloop
  endfacet
  facet normal 0.000000e+00 1.000000e+00 0.000000e+00
    outer loop
      vertex   -2.000000e+00 -2.000000e+00 -2.000000e+00
      vertex   -7.071066e-01 -2.000000e+00 -1.579289e+01
      vertex   -8.660252e-01 -2.000000e+00 -1.600000e+01
    endloop
  endfacet
  facet normal 0.000000e+00 1.000000e+00 0.000000e+00
    outer loop
      vertex   -2.000000e+00 -2.000000e+00 -2.000000e+00
      vertex   -8.660252e-01 -2.000000e+00 -1.600000e+01
      vertex   -9.659256e-01 -2.000000e+00 -1.624118e+01
    endloop
  endfacet
  facet normal 0.000000e+00 1.000000e+00 0.000000e+00
    outer loop
      vertex   -9.659256e-01 -2.000000e+00 -1.624118e+01
      vertex   -9.999998e-01 -2.000000e+00 -1.650000e+01
      vertex   -2.000000e+00 -2.000000e+00 -2.000000e+00
    endloop
  endfacet
  facet normal 0.000000e+00 1.000000e+00 0.000000e+00
    outer loop
      vertex   -2.000000e+00 -2.000000e+00 -2.000000e+00
      vertex   -9.999998e-01 -2.000000e+00 -1.650000e+01
      vertex   -2.000000e+00 -2.000000e+00 -2.150000e+01
    endloop
  endfacet
  facet normal 0.000000e+00 1.000000e+00 0.000000e+00
    outer loop
      vertex   -2.000000e+00 -2.000000e+00 -2.150000e+01
      vertex   -9.999998e-01 -2.000000e+00 -1.650000e+01
      vertex   -9.999998e-01 -2.000000e+00 -1.950000e+01
    endloop
  endfacet
  facet normal 0.000000e+00 1.000000e+00 0.000000e+00
    outer loop
      vertex   -2.000000e+00 -2.000000e+00 -2.150000e+01
      vertex   -9.999998e-01 -2.000000e+00 -1.950000e+01
      vertex   -9.659256e-01 -2.000000e+00 -1.975882e+01
    endloop
  endfacet
  facet normal 0.000000e+00 1.000000e+00 0.000000e+00
    outer loop
      vertex   -9.659256e-01 -2.000000e+00 -1.975882e+01
      vertex   -8.660252e-01 -2.000000e+00 -2.000000e+01
      vertex   -2.000000e+00 -2.000000e+00 -2.150000e+01
    endloop
  endfacet
  facet normal 0.000000e+00 1.000000e+00 0.000000e+00
    outer loop
      vertex   -2.000000e+00 -2.000000e+00 -2.150000e+01
      vertex   -8.660252e-01 -2.000000e+00 -2.000000e+01
      vertex   -7.071066e-01 -2.000000e+00 -2.020711e+01
    endloop
  endfacet
  facet normal 0.000000e+00 1.000000e+00 0.000000e+00
    outer loop
      vertex   -2.000000e+00 -2.000000e+00 -2.150000e+01
      vertex   -7.071066e-01 -2.000000e+00 -2.020711e+01
      vertex   -4.999998e-01 -2.000000e+00 -2.036603e+01
    endloop
  endfacet
  facet normal 0.000000e+00 1.000000e+00 0.000000e+00
    outer loop
      vertex   -4.999998e-01 -2.000000e+00 -2.036603e+01
      vertex   -2.588189e-01 -2.000000e+00 -2.046593e+01
      vertex   -2.000000e+00 -2.000000e+00 -2.150000e+01
    endloop
  endfacet
  facet normal 0.000000e+00 1.000000e+00 0.000000e+00
    outer loop
      vertex   -2.000000e+00 -2.000000e+00 -2.150000e+01
      vertex   -2.588189e-01 -2.000000e+00 -2.046593e+01
      vertex   1.862645e-07 -2.000000e+00 -2.050000e+01
    endloop
  endfacet
  facet normal 0.000000e+00 1.000000e+00 0.000000e+00
    outer loop
      vertex   -2.000000e+00 -2.000000e+00 -2.150000e+01
      vertex   1.862645e-07 -2.000000e+00 -2.050000e+01
      vertex   3.000000e+00 -2.000000e+00 -2.050000e+01
    endloop
  endfacet
  facet normal 0.000000e+00 1.000000e+00 0.000000e+00
    outer loop
      vertex   -2.000000e+00 -2.000000e+00 -2.150000e+01
      vertex   3.000000e+00 -2.000000e+00 -2.050000e+01
      vertex   6.786020e+00 -2.000000e+00 -2.150000e+01
    endloop
  endfacet
  facet normal 0.000000e+00 1.000000e+00 0.000000e+00
    outer loop
      vertex   6.786020e+00 -2.000000e+00 -2.150000e+01
      vertex   3.000000e+00 -2.000000e+00 -2.050000e+01
      vertex   3.258819e+00 -2.000000e+00 -2.046593e+01
    endloop
  endfacet
  facet normal 0.000000e+00 1.000000e+00 0.000000e+00
    outer loop
      vertex   6.786020e+00 -2.000000e+00 -2.150000e+01
      vertex   3.258819e+00 -2.000000e+00 -2.046593e+01
      vertex   3.500000e+00 -2.000000e+00 -2.036603e+01
    endloop
  endfacet
  facet normal -0.000000e+00 1.000000e+00 0.000000e+00
    outer loop
      vertex   3.500000e+00 -2.000000e+00 -2.036603e+01
      vertex   3.707107e+00 -2.000000e+00 -2.020711e+01
      vertex   6.786020e+00 -2.000000e+00 -2.150000e+01
    endloop
  endfacet
  facet normal 0.000000e+00 1.000000e+00 0.000000e+00
    outer loop
      vertex   6.786020e+00 -2.000000e+00 -2.150000e+01
      vertex   3.707107e+00 -2.000000e+00 -2.020711e+01
      vertex   3.866026e+00 -2.000000e+00 -2.000000e+01
    endloop
  endfacet
  facet normal 0.000000e+00 1.000000e+00 0.000000e+00
    outer loop
      vertex   6.786020e+00 -2.000000e+00 -2.150000e+01
      vertex   3.866026e+00 -2.000000e+00 -2.000000e+01
      vertex   3.965926e+00 -2.000000e+00 -1.975882e+01
    endloop
  endfacet
  facet normal 0.000000e+00 1.000000e+00 0.000000e+00
    outer loop
      vertex   7.784266e+00 -2.000000e+00 -2.055919e+01
      vertex   7.738000e+00 -2.000000e+00 -2.080616e+01
      vertex   7.767510e+00 -2.000000e+00 -2.030849e+01
    endloop
  endfacet
  facet normal 0.000000e+00 1.000000e+00 0.000000e+00
    outer loop
      vertex   7.767510e+00 -2.000000e+00 -2.030849e+01
      vertex   7.738000e+00 -2.000000e+00 -2.080616e+01
      vertex   7.631633e+00 -2.000000e+00 -2.103380e+01
    endloop
  endfacet
  facet normal 0.000000e+00 1.000000e+00 0.000000e+00
    outer loop
      vertex   7.767510e+00 -2.000000e+00 -2.030849e+01
      vertex   7.631633e+00 -2.000000e+00 -2.103380e+01
      vertex   7.471879e+00 -2.000000e+00 -2.122773e+01
    endloop
  endfacet
  facet normal 0.000000e+00 1.000000e+00 -0.000000e+00
    outer loop
      vertex   7.471879e+00 -2.000000e+00 -2.122773e+01
      vertex   7.268826e+00 -2.000000e+00 -2.137573e+01
      vertex   7.767510e+00 -2.000000e+00 -2.030849e+01
    endloop
  endfacet
  facet normal 0.000000e+00 1.000000e+00 0.000000e+00
    outer loop
      vertex   7.767510e+00 -2.000000e+00 -2.030849e+01
      vertex   7.268826e+00 -2.000000e+00 -2.137573e+01
      vertex   7.035291e+00 -2.000000e+00 -2.146843e+01
    endloop
  endfacet
  facet normal 0.000000e+00 1.000000e+00 0.000000e+00
    outer loop
      vertex   7.767510e+00 -2.000000e+00 -2.030849e+01
      vertex   7.035291e+00 -2.000000e+00 -2.146843e+01
      vertex   6.786020e+00 -2.000000e+00 -2.150000e+01
    endloop
  endfacet
  facet normal -9.976830e-01 2.417073e-16 6.803456e-02
    outer loop
      vertex   1.714591e+01 -4.000000e+00 -2.030706e+01
      vertex   1.714591e+01 -2.000000e+00 -2.030706e+01
      vertex   1.712880e+01 -4.000000e+00 -2.055795e+01
    endloop
  endfacet
  facet normal -9.976830e-01 1.772241e-15 6.803456e-02
    outer loop
      vertex   1.712880e+01 -4.000000e+00 -2.055795e+01
      vertex   1.714591e+01 -2.000000e+00 -2.030706e+01
      vertex   1.712880e+01 -2.000000e+00 -2.055795e+01
    endloop
  endfacet
  facet normal -9.831108e-01 1.746356e-15 -1.830114e-01
    outer loop
      vertex   1.712880e+01 -4.000000e+00 -2.055795e+01
      vertex   1.712880e+01 -2.000000e+00 -2.055795e+01
      vertex   1.717482e+01 -4.000000e+00 -2.080517e+01
    endloop
  endfacet
  facet normal -9.831108e-01 0.000000e+00 -1.830114e-01
    outer loop
      vertex   1.717482e+01 -4.000000e+00 -2.080517e+01
      vertex   1.712880e+01 -2.000000e+00 -2.055795e+01
      vertex   1.717482e+01 -2.000000e+00 -2.080517e+01
    endloop
  endfacet
  facet normal -9.063702e-01 0.000000e+00 -4.224845e-01
    outer loop
      vertex   1.717482e+01 -4.000000e+00 -2.080517e+01
      vertex   1.717482e+01 -2.000000e+00 -2.080517e+01
      vertex   1.728107e+01 -4.000000e+00 -2.103309e+01
    endloop
  endfacet
  facet normal -9.063702e-01 8.595537e-16 -4.224845e-01
    outer loop
      vertex   1.728107e+01 -4.000000e+00 -2.103309e+01
      vertex   1.717482e+01 -2.000000e+00 -2.080517e+01
      vertex   1.728107e+01 -2.000000e+00 -2.103309e+01
    endloop
  endfacet
  facet normal -7.723139e-01 2.434903e-16 -6.352411e-01
    outer loop
      vertex   1.728107e+01 -4.000000e+00 -2.103309e+01
      vertex   1.728107e+01 -2.000000e+00 -2.103309e+01
      vertex   1.744081e+01 -4.000000e+00 -2.122731e+01
    endloop
  endfacet
  facet normal -7.723139e-01 0.000000e+00 -6.352411e-01
    outer loop
      vertex   1.744081e+01 -4.000000e+00 -2.122731e+01
      vertex   1.728107e+01 -2.000000e+00 -2.103309e+01
      vertex   1.744081e+01 -2.000000e+00 -2.122731e+01
    endloop
  endfacet
  facet normal -5.894193e-01 0.000000e+00 -8.078273e-01
    outer loop
      vertex   1.744081e+01 -4.000000e+00 -2.122731e+01
      vertex   1.744081e+01 -2.000000e+00 -2.122731e+01
      vertex   1.764395e+01 -4.000000e+00 -2.137553e+01
    endloop
  endfacet
  facet normal -5.894193e-01 1.047019e-15 -8.078273e-01
    outer loop
      vertex   1.764395e+01 -4.000000e+00 -2.137553e+01
      vertex   1.744081e+01 -2.000000e+00 -2.122731e+01
      vertex   1.764395e+01 -2.000000e+00 -2.137553e+01
    endloop
  endfacet
  facet normal -3.692519e-01 6.559231e-16 -9.293294e-01
    outer loop
      vertex   1.764395e+01 -4.000000e+00 -2.137553e+01
      vertex   1.764395e+01 -2.000000e+00 -2.137553e+01
      vertex   1.787765e+01 -4.000000e+00 -2.146838e+01
    endloop
  endfacet
  facet normal -3.692519e-01 6.559231e-16 -9.293294e-01
    outer loop
      vertex   1.787765e+01 -4.000000e+00 -2.146838e+01
      vertex   1.764395e+01 -2.000000e+00 -2.137553e+01
      vertex   1.787765e+01 -2.000000e+00 -2.146838e+01
    endloop
  endfacet
  facet normal -1.257343e-01 2.233490e-16 -9.920640e-01
    outer loop
      vertex   1.787765e+01 -4.000000e+00 -2.146838e+01
      vertex   1.787765e+01 -2.000000e+00 -2.146838e+01
      vertex   1.812712e+01 -4.000000e+00 -2.150000e+01
    endloop
  endfacet
  facet normal -1.257343e-01 0.000000e+00 -9.920640e-01
    outer loop
      vertex   1.812712e+01 -4.000000e+00 -2.150000e+01
      vertex   1.787765e+01 -2.000000e+00 -2.146838e+01
      vertex   1.812712e+01 -2.000000e+00 -2.150000e+01
    endloop
  endfacet
  facet normal 0.000000e+00 1.000000e+00 0.000000e+00
    outer loop
      vertex   2.500000e+01 -2.000000e+00 -2.050000e+01
      vertex   2.700000e+01 -2.000000e+00 -2.150000e+01
      vertex   2.200000e+01 -2.000000e+00 -2.050000e+01
    endloop
  endfacet
  facet normal 0.000000e+00 1.000000e+00 0.000000e+00
    outer loop
      vertex   2.200000e+01 -2.000000e+00 -2.050000e+01
      vertex   2.700000e+01 -2.000000e+00 -2.150000e+01
      vertex   1.812712e+01 -2.000000e+00 -2.150000e+01
    endloop
  endfacet
  facet normal 0.000000e+00 1.000000e+00 0.000000e+00
    outer loop
      vertex   2.200000e+01 -2.000000e+00 -2.050000e+01
      vertex   1.812712e+01 -2.000000e+00 -2.150000e+01
      vertex   2.174118e+01 -2.000000e+00 -2.046593e+01
    endloop
  endfacet
  facet normal 0.000000e+00 1.000000e+00 0.000000e+00
    outer loop
      vertex   2.174118e+01 -2.000000e+00 -2.046593e+01
      vertex   1.812712e+01 -2.000000e+00 -2.150000e+01
      vertex   2.150000e+01 -2.000000e+00 -2.036603e+01
    endloop
  endfacet
  facet normal 0.000000e+00 1.000000e+00 0.000000e+00
    outer loop
      vertex   2.150000e+01 -2.000000e+00 -2.036603e+01
      vertex   1.812712e+01 -2.000000e+00 -2.150000e+01
      vertex   2.129289e+01 -2.000000e+00 -2.020711e+01
    endloop
  endfacet
  facet normal 0.000000e+00 1.000000e+00 0.000000e+00
    outer loop
      vertex   2.129289e+01 -2.000000e+00 -2.020711e+01
      vertex   1.812712e+01 -2.000000e+00 -2.150000e+01
      vertex   2.113397e+01 -2.000000e+00 -2.000000e+01
    endloop
  endfacet
  facet normal 0.000000e+00 1.000000e+00 0.000000e+00
    outer loop
      vertex   2.113397e+01 -2.000000e+00 -2.000000e+01
      vertex   1.812712e+01 -2.000000e+00 -2.150000e+01
      vertex   2.103407e+01 -2.000000e+00 -1.975882e+01
    endloop
  endfacet
  facet normal 0.000000e+00 1.000000e+00 0.000000e+00
    outer loop
      vertex   2.103407e+01 -2.000000e+00 -1.975882e+01
      vertex   1.812712e+01 -2.000000e+00 -2.150000e+01
      vertex   2.100000e+01 -2.000000e+00 -1.950000e+01
    endloop
  endfacet
  facet normal 0.000000e+00 1.000000e+00 -0.000000e+00
    outer loop
      vertex   2.100000e+01 -2.000000e+00 -1.950000e+01
      vertex   1.812712e+01 -2.000000e+00 -2.150000e+01
      vertex   2.100000e+01 -2.000000e+00 -1.650000e+01
    endloop
  endfacet
  facet normal 0.000000e+00 1.000000e+00 0.000000e+00
    outer loop
      vertex   2.100000e+01 -2.000000e+00 -1.650000e+01
      vertex   1.812712e+01 -2.000000e+00 -2.150000e+01
      vertex   1.714591e+01 -2.000000e+00 -2.030706e+01
    endloop
  endfacet
  facet normal 0.000000e+00 1.000000e+00 -0.000000e+00
    outer loop
      vertex   2.100000e+01 -2.000000e+00 -1.650000e+01
      vertex   1.714591e+01 -2.000000e+00 -2.030706e+01
      vertex   2.103407e+01 -2.000000e+00 -1.624118e+01
    endloop
  endfacet
  facet normal 0.000000e+00 1.000000e+00 0.000000e+00
    outer loop
      vertex   2.103407e+01 -2.000000e+00 -1.624118e+01
      vertex   1.714591e+01 -2.000000e+00 -2.030706e+01
      vertex   2.074567e+01 -2.000000e+00 -2.000000e+00
    endloop
  endfacet
  facet normal 0.000000e+00 1.000000e+00 -0.000000e+00
    outer loop
      vertex   2.103407e+01 -2.000000e+00 -1.624118e+01
      vertex   2.074567e+01 -2.000000e+00 -2.000000e+00
      vertex   2.113397e+01 -2.000000e+00 -1.600000e+01
    endloop
  endfacet
  facet normal 0.000000e+00 1.000000e+00 -0.000000e+00
    outer loop
      vertex   2.113397e+01 -2.000000e+00 -1.600000e+01
      vertex   2.074567e+01 -2.000000e+00 -2.000000e+00
      vertex   2.129289e+01 -2.000000e+00 -1.579289e+01
    endloop
  endfacet
  facet normal 0.000000e+00 1.000000e+00 -0.000000e+00
    outer loop
      vertex   2.129289e+01 -2.000000e+00 -1.579289e+01
      vertex   2.074567e+01 -2.000000e+00 -2.000000e+00
      vertex   2.150000e+01 -2.000000e+00 -1.563397e+01
    endloop
  endfacet
  facet normal 0.000000e+00 1.000000e+00 -0.000000e+00
    outer loop
      vertex   2.150000e+01 -2.000000e+00 -1.563397e+01
      vertex   2.074567e+01 -2.000000e+00 -2.000000e+00
      vertex   2.174118e+01 -2.000000e+00 -1.553407e+01
    endloop
  endfacet
  facet normal 0.000000e+00 1.000000e+00 -0.000000e+00
    outer loop
      vertex   2.174118e+01 -2.000000e+00 -1.553407e+01
      vertex   2.074567e+01 -2.000000e+00 -2.000000e+00
      vertex   2.200000e+01 -2.000000e+00 -1.550000e+01
    endloop
  endfacet
  facet normal 0.000000e+00 1.000000e+00 -0.000000e+00
    outer loop
      vertex   2.200000e+01 -2.000000e+00 -1.550000e+01
      vertex   2.074567e+01 -2.000000e+00 -2.000000e+00
      vertex   2.500000e+01 -2.000000e+00 -1.550000e+01
    endloop
  endfacet
  facet normal 0.000000e+00 1.000000e+00 -0.000000e+00
    outer loop
      vertex   2.500000e+01 -2.000000e+00 -1.550000e+01
      vertex   2.074567e+01 -2.000000e+00 -2.000000e+00
      vertex   2.700000e+01 -2.000000e+00 -2.000000e+00
    endloop
  endfacet
  facet normal -0.000000e+00 1.000000e+00 0.000000e+00
    outer loop
      vertex   2.500000e+01 -2.000000e+00 -1.550000e+01
      vertex   2.700000e+01 -2.000000e+00 -2.000000e+00
      vertex   2.525882e+01 -2.000000e+00 -1.553407e+01
    endloop
  endfacet
  facet normal -0.000000e+00 1.000000e+00 0.000000e+00
    outer loop
      vertex   2.525882e+01 -2.000000e+00 -1.553407e+01
      vertex   2.700000e+01 -2.000000e+00 -2.000000e+00
      vertex   2.550000e+01 -2.000000e+00 -1.563397e+01
    endloop
  endfacet
  facet normal -0.000000e+00 1.000000e+00 0.000000e+00
    outer loop
      vertex   2.550000e+01 -2.000000e+00 -1.563397e+01
      vertex   2.700000e+01 -2.000000e+00 -2.000000e+00
      vertex   2.570711e+01 -2.000000e+00 -1.579289e+01
    endloop
  endfacet
  facet normal -0.000000e+00 1.000000e+00 0.000000e+00
    outer loop
      vertex   2.570711e+01 -2.000000e+00 -1.579289e+01
      vertex   2.700000e+01 -2.000000e+00 -2.000000e+00
      vertex   2.586603e+01 -2.000000e+00 -1.600000e+01
    endloop
  endfacet
  facet normal -0.000000e+00 1.000000e+00 0.000000e+00
    outer loop
      vertex   2.586603e+01 -2.000000e+00 -1.600000e+01
      vertex   2.700000e+01 -2.000000e+00 -2.000000e+00
      vertex   2.596593e+01 -2.000000e+00 -1.624118e+01
    endloop
  endfacet
  facet normal -0.000000e+00 1.000000e+00 0.000000e+00
    outer loop
      vertex   2.596593e+01 -2.000000e+00 -1.624118e+01
      vertex   2.700000e+01 -2.000000e+00 -2.000000e+00
      vertex   2.600000e+01 -2.000000e+00 -1.650000e+01
    endloop
  endfacet
  facet normal -0.000000e+00 1.000000e+00 0.000000e+00
    outer loop
      vertex   2.600000e+01 -2.000000e+00 -1.650000e+01
      vertex   2.700000e+01 -2.000000e+00 -2.000000e+00
      vertex   2.700000e+01 -2.000000e+00 -2.150000e+01
    endloop
  endfacet
  facet normal 0.000000e+00 1.000000e+00 0.000000e+00
    outer loop
      vertex   2.600000e+01 -2.000000e+00 -1.650000e+01
      vertex   2.700000e+01 -2.000000e+00 -2.150000e+01
      vertex   2.600000e+01 -2.000000e+00 -1.950000e+01
    endloop
  endfacet
  facet normal 0.000000e+00 1.000000e+00 0.000000e+00
    outer loop
      vertex   2.600000e+01 -2.000000e+00 -1.950000e+01
      vertex   2.700000e+01 -2.000000e+00 -2.150000e+01
      vertex   2.596593e+01 -2.000000e+00 -1.975882e+01
    endloop
  endfacet
  facet normal 0.000000e+00 1.000000e+00 0.000000e+00
    outer loop
      vertex   2.596593e+01 -2.000000e+00 -1.975882e+01
      vertex   2.700000e+01 -2.000000e+00 -2.150000e+01
      vertex   2.586603e+01 -2.000000e+00 -2.000000e+01
    endloop
  endfacet
  facet normal 0.000000e+00 1.000000e+00 0.000000e+00
    outer loop
      vertex   2.586603e+01 -2.000000e+00 -2.000000e+01
      vertex   2.700000e+01 -2.000000e+00 -2.150000e+01
      vertex   2.570711e+01 -2.000000e+00 -2.020711e+01
    endloop
  endfacet
  facet normal 0.000000e+00 1.000000e+00 0.000000e+00
    outer loop
      vertex   2.570711e+01 -2.000000e+00 -2.020711e+01
      vertex   2.700000e+01 -2.000000e+00 -2.150000e+01
      vertex   2.550000e+01 -2.000000e+00 -2.036603e+01
    endloop
  endfacet
  facet normal 0.000000e+00 1.000000e+00 0.000000e+00
    outer loop
      vertex   2.550000e+01 -2.000000e+00 -2.036603e+01
      vertex   2.700000e+01 -2.000000e+00 -2.150000e+01
      vertex   2.525882e+01 -2.000000e+00 -2.046593e+01
    endloop
  endfacet
  facet normal 0.000000e+00 1.000000e+00 0.000000e+00
    outer loop
      vertex   2.525882e+01 -2.000000e+00 -2.046593e+01
      vertex   2.700000e+01 -2.000000e+00 -2.150000e+01
      vertex   2.500000e+01 -2.000000e+00 -2.050000e+01
    endloop
  endfacet
  facet normal 0.000000e+00 1.000000e+00 0.000000e+00
    outer loop
      vertex   1.812712e+01 -2.000000e+00 -2.150000e+01
      vertex   1.787765e+01 -2.000000e+00 -2.146838e+01
      vertex   1.714591e+01 -2.000000e+00 -2.030706e+01
    endloop
  endfacet
  facet normal 0.000000e+00 1.000000e+00 0.000000e+00
    outer loop
      vertex   1.714591e+01 -2.000000e+00 -2.030706e+01
      vertex   1.787765e+01 -2.000000e+00 -2.146838e+01
      vertex   1.764395e+01 -2.000000e+00 -2.137553e+01
    endloop
  endfacet
  facet normal 0.000000e+00 1.000000e+00 0.000000e+00
    outer loop
      vertex   1.714591e+01 -2.000000e+00 -2.030706e+01
      vertex   1.764395e+01 -2.000000e+00 -2.137553e+01
      vertex   1.744081e+01 -2.000000e+00 -2.122731e+01
    endloop
  endfacet
  facet normal 0.000000e+00 1.000000e+00 0.000000e+00
    outer loop
      vertex   1.744081e+01 -2.000000e+00 -2.122731e+01
      vertex   1.728107e+01 -2.000000e+00 -2.103309e+01
      vertex   1.714591e+01 -2.000000e+00 -2.030706e+01
    endloop
  endfacet
  facet normal 0.000000e+00 1.000000e+00 0.000000e+00
    outer loop
      vertex   1.714591e+01 -2.000000e+00 -2.030706e+01
      vertex   1.728107e+01 -2.000000e+00 -2.103309e+01
      vertex   1.717482e+01 -2.000000e+00 -2.080517e+01
    endloop
  endfacet
  facet normal 0.000000e+00 1.000000e+00 0.000000e+00
    outer loop
      vertex   1.714591e+01 -2.000000e+00 -2.030706e+01
      vertex   1.717482e+01 -2.000000e+00 -2.080517e+01
      vertex   1.712880e+01 -2.000000e+00 -2.055795e+01
    endloop
  endfacet
  facet normal -9.812110e-01 6.854520e-16 1.929376e-01
    outer loop
      vertex   1.714591e+01 -4.000000e+00 -2.030706e+01
      vertex   2.074567e+01 -4.000000e+00 -2.000000e+00
      vertex   1.714591e+01 -2.000000e+00 -2.030706e+01
    endloop
  endfacet
  facet normal -9.812110e-01 0.000000e+00 1.929376e-01
    outer loop
      vertex   1.714591e+01 -2.000000e+00 -2.030706e+01
      vertex   2.074567e+01 -4.000000e+00 -2.000000e+00
      vertex   2.074567e+01 -2.000000e+00 -2.000000e+00
    endloop
  endfacet
  facet normal 1.256312e-01 0.000000e+00 -9.920770e-01
    outer loop
      vertex   6.786020e+00 5.800000e+01 -2.150000e+01
      vertex   6.786020e+00 6.000000e+01 -2.150000e+01
      vertex   7.035291e+00 5.800000e+01 -2.146843e+01
    endloop
  endfacet
  facet normal 1.256312e-01 0.000000e+00 -9.920770e-01
    outer loop
      vertex   7.035291e+00 5.800000e+01 -2.146843e+01
      vertex   6.786020e+00 6.000000e+01 -2.150000e+01
      vertex   7.035291e+00 6.000000e+01 -2.146843e+01
    endloop
  endfacet
  facet normal 3.689622e-01 0.000000e+00 -9.294444e-01
    outer loop
      vertex   7.035291e+00 5.800000e+01 -2.146843e+01
      vertex   7.035291e+00 6.000000e+01 -2.146843e+01
      vertex   7.268826e+00 5.800000e+01 -2.137573e+01
    endloop
  endfacet
  facet normal 3.689622e-01 0.000000e+00 -9.294444e-01
    outer loop
      vertex   7.268826e+00 5.800000e+01 -2.137573e+01
      vertex   7.035291e+00 6.000000e+01 -2.146843e+01
      vertex   7.268826e+00 6.000000e+01 -2.137573e+01
    endloop
  endfacet
  facet normal 5.889996e-01 0.000000e+00 -8.081333e-01
    outer loop
      vertex   7.268826e+00 5.800000e+01 -2.137573e+01
      vertex   7.268826e+00 6.000000e+01 -2.137573e+01
      vertex   7.471879e+00 5.800000e+01 -2.122773e+01
    endloop
  endfacet
  facet normal 5.889996e-01 0.000000e+00 -8.081333e-01
    outer loop
      vertex   7.471879e+00 5.800000e+01 -2.122773e+01
      vertex   7.268826e+00 6.000000e+01 -2.137573e+01
      vertex   7.471879e+00 6.000000e+01 -2.122773e+01
    endloop
  endfacet
  facet normal 7.718518e-01 0.000000e+00 -6.358025e-01
    outer loop
      vertex   7.471879e+00 5.800000e+01 -2.122773e+01
      vertex   7.471879e+00 6.000000e+01 -2.122773e+01
      vertex   7.631633e+00 5.800000e+01 -2.103380e+01
    endloop
  endfacet
  facet normal 7.718518e-01 0.000000e+00 -6.358025e-01
    outer loop
      vertex   7.631633e+00 5.800000e+01 -2.103380e+01
      vertex   7.471879e+00 6.000000e+01 -2.122773e+01
      vertex   7.631633e+00 6.000000e+01 -2.103380e+01
    endloop
  endfacet
  facet normal 9.059748e-01 0.000000e+00 -4.233317e-01
    outer loop
      vertex   7.631633e+00 5.800000e+01 -2.103380e+01
      vertex   7.631633e+00 6.000000e+01 -2.103380e+01
      vertex   7.738000e+00 5.800000e+01 -2.080616e+01
    endloop
  endfacet
  facet normal 9.059748e-01 0.000000e+00 -4.233317e-01
    outer loop
      vertex   7.738000e+00 5.800000e+01 -2.080616e+01
      vertex   7.631633e+00 6.000000e+01 -2.103380e+01
      vertex   7.738000e+00 6.000000e+01 -2.080616e+01
    endloop
  endfacet
  facet normal 9.829010e-01 0.000000e+00 -1.841347e-01
    outer loop
      vertex   7.738000e+00 5.800000e+01 -2.080616e+01
      vertex   7.738000e+00 6.000000e+01 -2.080616e+01
      vertex   7.784266e+00 5.800000e+01 -2.055919e+01
    endloop
  endfacet
  facet normal 9.829010e-01 0.000000e+00 -1.841347e-01
    outer loop
      vertex   7.784266e+00 5.800000e+01 -2.055919e+01
      vertex   7.738000e+00 6.000000e+01 -2.080616e+01
      vertex   7.784266e+00 6.000000e+01 -2.055919e+01
    endloop
  endfacet
  facet normal 9.977739e-01 -0.000000e+00 6.668716e-02
    outer loop
      vertex   7.784266e+00 5.800000e+01 -2.055919e+01
      vertex   7.784266e+00 6.000000e+01 -2.055919e+01
      vertex   7.767510e+00 5.800000e+01 -2.030849e+01
    endloop
  endfacet
  facet normal 9.977739e-01 -8.862013e-16 6.668716e-02
    outer loop
      vertex   7.767510e+00 5.800000e+01 -2.030849e+01
      vertex   7.784266e+00 6.000000e+01 -2.055919e+01
      vertex   7.767510e+00 6.000000e+01 -2.030849e+01
    endloop
  endfacet
  facet normal 9.814906e-01 -8.717388e-16 1.915104e-01
    outer loop
      vertex   7.767510e+00 6.000000e+01 -2.030849e+01
      vertex   4.000000e+00 6.000000e+01 -1.000000e+00
      vertex   7.767510e+00 5.800000e+01 -2.030849e+01
    endloop
  endfacet
  facet normal 9.814906e-01 0.000000e+00 1.915104e-01
    outer loop
      vertex   7.767510e+00 5.800000e+01 -2.030849e+01
      vertex   4.000000e+00 6.000000e+01 -1.000000e+00
      vertex   4.000000e+00 5.800000e+01 -1.000000e+00
    endloop
  endfacet
  facet normal 0.000000e+00 1.000000e+00 0.000000e+00
    outer loop
      vertex   7.784266e+00 6.000000e+01 -2.055919e+01
      vertex   6.786020e+00 6.000000e+01 -2.150000e+01
      vertex   7.767510e+00 6.000000e+01 -2.030849e+01
    endloop
  endfacet
  facet normal 0.000000e+00 1.000000e+00 0.000000e+00
    outer loop
      vertex   7.767510e+00 6.000000e+01 -2.030849e+01
      vertex   6.786020e+00 6.000000e+01 -2.150000e+01
      vertex   -4.000000e+00 6.000000e+01 -2.150000e+01
    endloop
  endfacet
  facet normal 0.000000e+00 1.000000e+00 0.000000e+00
    outer loop
      vertex   7.767510e+00 6.000000e+01 -2.030849e+01
      vertex   -4.000000e+00 6.000000e+01 -2.150000e+01
      vertex   4.000000e+00 6.000000e+01 -1.000000e+00
    endloop
  endfacet
  facet normal 0.000000e+00 1.000000e+00 0.000000e+00
    outer loop
      vertex   4.000000e+00 6.000000e+01 -1.000000e+00
      vertex   -4.000000e+00 6.000000e+01 -2.150000e+01
      vertex   -4.000000e+00 6.000000e+01 8.500000e+00
    endloop
  endfacet
  facet normal 0.000000e+00 1.000000e+00 -0.000000e+00
    outer loop
      vertex   4.000000e+00 6.000000e+01 -1.000000e+00
      vertex   -4.000000e+00 6.000000e+01 8.500000e+00
      vertex   2.094230e+01 6.000000e+01 -1.000000e+00
    endloop
  endfacet
  facet normal 0.000000e+00 1.000000e+00 -0.000000e+00
    outer loop
      vertex   2.094230e+01 6.000000e+01 -1.000000e+00
      vertex   -4.000000e+00 6.000000e+01 8.500000e+00
      vertex   2.900000e+01 6.000000e+01 8.500000e+00
    endloop
  endfacet
  facet normal -0.000000e+00 1.000000e+00 0.000000e+00
    outer loop
      vertex   2.094230e+01 6.000000e+01 -1.000000e+00
      vertex   2.900000e+01 6.000000e+01 8.500000e+00
      vertex   2.900000e+01 6.000000e+01 -2.150000e+01
    endloop
  endfacet
  facet normal 0.000000e+00 1.000000e+00 0.000000e+00
    outer loop
      vertex   7.784266e+00 6.000000e+01 -2.055919e+01
      vertex   7.738000e+00 6.000000e+01 -2.080616e+01
      vertex   6.786020e+00 6.000000e+01 -2.150000e+01
    endloop
  endfacet
  facet normal 0.000000e+00 1.000000e+00 0.000000e+00
    outer loop
      vertex   6.786020e+00 6.000000e+01 -2.150000e+01
      vertex   7.738000e+00 6.000000e+01 -2.080616e+01
      vertex   7.631633e+00 6.000000e+01 -2.103380e+01
    endloop
  endfacet
  facet normal 0.000000e+00 1.000000e+00 0.000000e+00
    outer loop
      vertex   6.786020e+00 6.000000e+01 -2.150000e+01
      vertex   7.631633e+00 6.000000e+01 -2.103380e+01
      vertex   7.471879e+00 6.000000e+01 -2.122773e+01
    endloop
  endfacet
  facet normal 0.000000e+00 1.000000e+00 0.000000e+00
    outer loop
      vertex   7.471879e+00 6.000000e+01 -2.122773e+01
      vertex   7.268826e+00 6.000000e+01 -2.137573e+01
      vertex   6.786020e+00 6.000000e+01 -2.150000e+01
    endloop
  endfacet
  facet normal 0.000000e+00 1.000000e+00 0.000000e+00
    outer loop
      vertex   6.786020e+00 6.000000e+01 -2.150000e+01
      vertex   7.268826e+00 6.000000e+01 -2.137573e+01
      vertex   7.035291e+00 6.000000e+01 -2.146843e+01
    endloop
  endfacet
  facet normal 0.000000e+00 1.000000e+00 0.000000e+00
    outer loop
      vertex   2.094230e+01 6.000000e+01 -1.000000e+00
      vertex   2.900000e+01 6.000000e+01 -2.150000e+01
      vertex   1.714591e+01 6.000000e+01 -2.030706e+01
    endloop
  endfacet
  facet normal 0.000000e+00 1.000000e+00 0.000000e+00
    outer loop
      vertex   1.714591e+01 6.000000e+01 -2.030706e+01
      vertex   2.900000e+01 6.000000e+01 -2.150000e+01
      vertex   1.812712e+01 6.000000e+01 -2.150000e+01
    endloop
  endfacet
  facet normal 0.000000e+00 1.000000e+00 0.000000e+00
    outer loop
      vertex   1.714591e+01 6.000000e+01 -2.030706e+01
      vertex   1.812712e+01 6.000000e+01 -2.150000e+01
      vertex   1.712880e+01 6.000000e+01 -2.055795e+01
    endloop
  endfacet
  facet normal 0.000000e+00 1.000000e+00 0.000000e+00
    outer loop
      vertex   1.712880e+01 6.000000e+01 -2.055795e+01
      vertex   1.812712e+01 6.000000e+01 -2.150000e+01
      vertex   1.717482e+01 6.000000e+01 -2.080517e+01
    endloop
  endfacet
  facet normal 0.000000e+00 1.000000e+00 0.000000e+00
    outer loop
      vertex   1.717482e+01 6.000000e+01 -2.080517e+01
      vertex   1.812712e+01 6.000000e+01 -2.150000e+01
      vertex   1.728107e+01 6.000000e+01 -2.103309e+01
    endloop
  endfacet
  facet normal 0.000000e+00 1.000000e+00 0.000000e+00
    outer loop
      vertex   1.728107e+01 6.000000e+01 -2.103309e+01
      vertex   1.812712e+01 6.000000e+01 -2.150000e+01
      vertex   1.744081e+01 6.000000e+01 -2.122731e+01
    endloop
  endfacet
  facet normal 0.000000e+00 1.000000e+00 0.000000e+00
    outer loop
      vertex   1.744081e+01 6.000000e+01 -2.122731e+01
      vertex   1.812712e+01 6.000000e+01 -2.150000e+01
      vertex   1.764395e+01 6.000000e+01 -2.137553e+01
    endloop
  endfacet
  facet normal 0.000000e+00 1.000000e+00 0.000000e+00
    outer loop
      vertex   1.764395e+01 6.000000e+01 -2.137553e+01
      vertex   1.812712e+01 6.000000e+01 -2.150000e+01
      vertex   1.787765e+01 6.000000e+01 -2.146838e+01
    endloop
  endfacet
  facet normal -9.976830e-01 -3.544482e-15 6.803456e-02
    outer loop
      vertex   1.714591e+01 5.800000e+01 -2.030706e+01
      vertex   1.714591e+01 6.000000e+01 -2.030706e+01
      vertex   1.712880e+01 5.800000e+01 -2.055795e+01
    endloop
  endfacet
  facet normal -9.976830e-01 0.000000e+00 6.803456e-02
    outer loop
      vertex   1.712880e+01 5.800000e+01 -2.055795e+01
      vertex   1.714591e+01 6.000000e+01 -2.030706e+01
      vertex   1.712880e+01 6.000000e+01 -2.055795e+01
    endloop
  endfacet
  facet normal -9.831108e-01 0.000000e+00 -1.830114e-01
    outer loop
      vertex   1.712880e+01 5.800000e+01 -2.055795e+01
      vertex   1.712880e+01 6.000000e+01 -2.055795e+01
      vertex   1.717482e+01 5.800000e+01 -2.080517e+01
    endloop
  endfacet
  facet normal -9.831108e-01 0.000000e+00 -1.830114e-01
    outer loop
      vertex   1.717482e+01 5.800000e+01 -2.080517e+01
      vertex   1.712880e+01 6.000000e+01 -2.055795e+01
      vertex   1.717482e+01 6.000000e+01 -2.080517e+01
    endloop
  endfacet
  facet normal -9.063702e-01 0.000000e+00 -4.224845e-01
    outer loop
      vertex   1.717482e+01 5.800000e+01 -2.080517e+01
      vertex   1.717482e+01 6.000000e+01 -2.080517e+01
      vertex   1.728107e+01 5.800000e+01 -2.103309e+01
    endloop
  endfacet
  facet normal -9.063702e-01 1.610037e-15 -4.224845e-01
    outer loop
      vertex   1.728107e+01 5.800000e+01 -2.103309e+01
      vertex   1.717482e+01 6.000000e+01 -2.080517e+01
      vertex   1.728107e+01 6.000000e+01 -2.103309e+01
    endloop
  endfacet
  facet normal -7.723139e-01 1.371905e-15 -6.352411e-01
    outer loop
      vertex   1.728107e+01 5.800000e+01 -2.103309e+01
      vertex   1.728107e+01 6.000000e+01 -2.103309e+01
      vertex   1.744081e+01 5.800000e+01 -2.122731e+01
    endloop
  endfacet
  facet normal -7.723139e-01 2.434903e-16 -6.352411e-01
    outer loop
      vertex   1.744081e+01 5.800000e+01 -2.122731e+01
      vertex   1.728107e+01 6.000000e+01 -2.103309e+01
      vertex   1.744081e+01 6.000000e+01 -2.122731e+01
    endloop
  endfacet
  facet normal -5.894193e-01 -3.879705e-16 -8.078273e-01
    outer loop
      vertex   1.744081e+01 5.800000e+01 -2.122731e+01
      vertex   1.744081e+01 6.000000e+01 -2.122731e+01
      vertex   1.764395e+01 5.800000e+01 -2.137553e+01
    endloop
  endfacet
  facet normal -5.894193e-01 0.000000e+00 -8.078273e-01
    outer loop
      vertex   1.764395e+01 5.800000e+01 -2.137553e+01
      vertex   1.744081e+01 6.000000e+01 -2.122731e+01
      vertex   1.764395e+01 6.000000e+01 -2.137553e+01
    endloop
  endfacet
  facet normal -3.692519e-01 0.000000e+00 -9.293294e-01
    outer loop
      vertex   1.764395e+01 5.800000e+01 -2.137553e+01
      vertex   1.764395e+01 6.000000e+01 -2.137553e+01
      vertex   1.787765e+01 5.800000e+01 -2.146838e+01
    endloop
  endfacet
  facet normal -3.692519e-01 0.000000e+00 -9.293294e-01
    outer loop
      vertex   1.787765e+01 5.800000e+01 -2.146838e+01
      vertex   1.764395e+01 6.000000e+01 -2.137553e+01
      vertex   1.787765e+01 6.000000e+01 -2.146838e+01
    endloop
  endfacet
  facet normal -1.257343e-01 0.000000e+00 -9.920640e-01
    outer loop
      vertex   1.787765e+01 5.800000e+01 -2.146838e+01
      vertex   1.787765e+01 6.000000e+01 -2.146838e+01
      vertex   1.812712e+01 5.800000e+01 -2.150000e+01
    endloop
  endfacet
  facet normal -1.257343e-01 2.233490e-16 -9.920640e-01
    outer loop
      vertex   1.812712e+01 5.800000e+01 -2.150000e+01
      vertex   1.787765e+01 6.000000e+01 -2.146838e+01
      vertex   1.812712e+01 6.000000e+01 -2.150000e+01
    endloop
  endfacet
  facet normal -9.812110e-01 -3.485962e-15 1.929376e-01
    outer loop
      vertex   1.714591e+01 5.800000e+01 -2.030706e+01
      vertex   2.094230e+01 5.800000e+01 -1.000000e+00
      vertex   1.714591e+01 6.000000e+01 -2.030706e+01
    endloop
  endfacet
  facet normal -9.812110e-01 0.000000e+00 1.929376e-01
    outer loop
      vertex   1.714591e+01 6.000000e+01 -2.030706e+01
      vertex   2.094230e+01 5.800000e+01 -1.000000e+00
      vertex   2.094230e+01 6.000000e+01 -1.000000e+00
    endloop
  endfacet
  facet normal 0.000000e+00 0.000000e+00 -1.000000e+00
    outer loop
      vertex   -2.000000e+00 -2.000000e+00 6.000000e+00
      vertex   2.700000e+01 -2.000000e+00 6.000000e+00
      vertex   -2.000000e+00 -6.000000e+00 6.000000e+00
    endloop
  endfacet
  facet normal 0.000000e+00 0.000000e+00 -1.000000e+00
    outer loop
      vertex   -2.000000e+00 -6.000000e+00 6.000000e+00
      vertex   2.700000e+01 -2.000000e+00 6.000000e+00
      vertex   2.700000e+01 -6.000000e+00 6.000000e+00
    endloop
  endfacet
  facet normal -0.000000e+00 0.000000e+00 1.000000e+00
    outer loop
      vertex   2.074567e+01 -2.000000e+00 -2.000000e+00
      vertex   2.074567e+01 -4.000000e+00 -2.000000e+00
      vertex   2.700000e+01 -2.000000e+00 -2.000000e+00
    endloop
  endfacet
  facet normal 0.000000e+00 0.000000e+00 1.000000e+00
    outer loop
      vertex   2.700000e+01 -2.000000e+00 -2.000000e+00
      vertex   2.074567e+01 -4.000000e+00 -2.000000e+00
      vertex   2.700000e+01 -6.000000e+00 -2.000000e+00
    endloop
  endfacet
  facet normal 0.000000e+00 0.000000e+00 1.000000e+00
    outer loop
      vertex   2.700000e+01 -6.000000e+00 -2.000000e+00
      vertex   2.074567e+01 -4.000000e+00 -2.000000e+00
      vertex   -2.000000e+00 -6.000000e+00 -2.000000e+00
    endloop
  endfacet
  facet normal 0.000000e+00 0.000000e+00 1.000000e+00
    outer loop
      vertex   -2.000000e+00 -6.000000e+00 -2.000000e+00
      vertex   2.074567e+01 -4.000000e+00 -2.000000e+00
      vertex   4.195122e+00 -4.000000e+00 -2.000000e+00
    endloop
  endfacet
  facet normal 0.000000e+00 0.000000e+00 1.000000e+00
    outer loop
      vertex   -2.000000e+00 -6.000000e+00 -2.000000e+00
      vertex   4.195122e+00 -4.000000e+00 -2.000000e+00
      vertex   -2.000000e+00 -2.000000e+00 -2.000000e+00
    endloop
  endfacet
  facet normal -0.000000e+00 0.000000e+00 1.000000e+00
    outer loop
      vertex   -2.000000e+00 -2.000000e+00 -2.000000e+00
      vertex   4.195122e+00 -4.000000e+00 -2.000000e+00
      vertex   4.195122e+00 -2.000000e+00 -2.000000e+00
    endloop
  endfacet
  facet normal -1.000000e+00 0.000000e+00 -4.321338e-07
    outer loop
      vertex   2.700000e+01 -2.000000e+00 6.500000e+00
      vertex   2.700000e+01 5.800000e+01 6.500000e+00
      vertex   2.700000e+01 -2.000000e+00 6.000000e+00
    endloop
  endfacet
  facet normal -1.000000e+00 -3.601114e-09 -0.000000e+00
    outer loop
      vertex   2.700000e+01 -2.000000e+00 6.000000e+00
      vertex   2.700000e+01 5.800000e+01 6.500000e+00
      vertex   2.700000e+01 -2.000000e+00 -2.000000e+00
    endloop
  endfacet
  facet normal -1.000000e+00 0.000000e+00 -0.000000e+00
    outer loop
      vertex   2.700000e+01 -2.000000e+00 6.000000e+00
      vertex   2.700000e+01 -2.000000e+00 -2.000000e+00
      vertex   2.700000e+01 -6.000000e+00 -2.000000e+00
    endloop
  endfacet
  facet normal -1.000000e+00 -3.601114e-09 -0.000000e+00
    outer loop
      vertex   2.700000e+01 5.800000e+01 6.500000e+00
      vertex   2.700000e+01 5.800000e+01 -2.150000e+01
      vertex   2.700000e+01 -2.000000e+00 -2.000000e+00
    endloop
  endfacet
  facet normal -1.000000e+00 0.000000e+00 1.108035e-08
    outer loop
      vertex   2.700000e+01 -2.000000e+00 -2.000000e+00
      vertex   2.700000e+01 5.800000e+01 -2.150000e+01
      vertex   2.700000e+01 -2.000000e+00 -2.150000e+01
    endloop
  endfacet
  facet normal -1.000000e+00 0.000000e+00 0.000000e+00
    outer loop
      vertex   2.700000e+01 -6.000000e+00 -2.000000e+00
      vertex   2.700000e+01 -6.000000e+00 6.000000e+00
      vertex   2.700000e+01 -2.000000e+00 6.000000e+00
    endloop
  endfacet
  facet normal 1.000000e+00 -0.000000e+00 1.108035e-08
    outer loop
      vertex   -2.000000e+00 -2.000000e+00 -2.150000e+01
      vertex   -2.000000e+00 5.800000e+01 -2.150000e+01
      vertex   -2.000000e+00 -2.000000e+00 -2.000000e+00
    endloop
  endfacet
  facet normal 1.000000e+00 -3.601114e-09 7.930164e-17
    outer loop
      vertex   -2.000000e+00 -2.000000e+00 -2.000000e+00
      vertex   -2.000000e+00 5.800000e+01 -2.150000e+01
      vertex   -2.000000e+00 5.800000e+01 6.500000e+00
    endloop
  endfacet
  facet normal 1.000000e+00 -3.601114e-09 0.000000e+00
    outer loop
      vertex   -2.000000e+00 -2.000000e+00 -2.000000e+00
      vertex   -2.000000e+00 5.800000e+01 6.500000e+00
      vertex   -2.000000e+00 -2.000000e+00 6.000000e+00
    endloop
  endfacet
  facet normal 1.000000e+00 0.000000e+00 -4.321337e-07
    outer loop
      vertex   -2.000000e+00 -2.000000e+00 6.000000e+00
      vertex   -2.000000e+00 5.800000e+01 6.500000e+00
      vertex   -2.000000e+00 -2.000000e+00 6.500000e+00
    endloop
  endfacet
  facet normal 1.000000e+00 0.000000e+00 0.000000e+00
    outer loop
      vertex   -2.000000e+00 -2.000000e+00 6.000000e+00
      vertex   -2.000000e+00 -6.000000e+00 6.000000e+00
      vertex   -2.000000e+00 -2.000000e+00 -2.000000e+00
    endloop
  endfacet
  facet normal 1.000000e+00 0.000000e+00 0.000000e+00
    outer loop
      vertex   -2.000000e+00 -2.000000e+00 -2.000000e+00
      vertex   -2.000000e+00 -6.000000e+00 6.000000e+00
      vertex   -2.000000e+00 -6.000000e+00 -2.000000e+00
    endloop
  endfacet
  facet normal 0.000000e+00 1.000000e+00 0.000000e+00
    outer loop
      vertex   2.700000e+01 -2.000000e+00 6.000000e+00
      vertex   -2.000000e+00 -2.000000e+00 6.000000e+00
      vertex   2.700000e+01 -2.000000e+00 6.500000e+00
    endloop
  endfacet
  facet normal 0.000000e+00 1.000000e+00 0.000000e+00
    outer loop
      vertex   2.700000e+01 -2.000000e+00 6.500000e+00
      vertex   -2.000000e+00 -2.000000e+00 6.000000e+00
      vertex   -2.000000e+00 -2.000000e+00 6.500000e+00
    endloop
  endfacet
  facet normal -9.914449e-01 0.000000e+00 1.305262e-01
    outer loop
      vertex   2.600000e+01 -6.000000e+00 -1.950000e+01
      vertex   2.600000e+01 -2.000000e+00 -1.950000e+01
      vertex   2.596593e+01 -6.000000e+00 -1.975882e+01
    endloop
  endfacet
  facet normal -9.914449e-01 0.000000e+00 1.305262e-01
    outer loop
      vertex   2.596593e+01 -6.000000e+00 -1.975882e+01
      vertex   2.600000e+01 -2.000000e+00 -1.950000e+01
      vertex   2.596593e+01 -2.000000e+00 -1.975882e+01
    endloop
  endfacet
  facet normal -9.238795e-01 0.000000e+00 3.826834e-01
    outer loop
      vertex   2.596593e+01 -6.000000e+00 -1.975882e+01
      vertex   2.596593e+01 -2.000000e+00 -1.975882e+01
      vertex   2.586603e+01 -6.000000e+00 -2.000000e+01
    endloop
  endfacet
  facet normal -9.238795e-01 0.000000e+00 3.826834e-01
    outer loop
      vertex   2.586603e+01 -6.000000e+00 -2.000000e+01
      vertex   2.596593e+01 -2.000000e+00 -1.975882e+01
      vertex   2.586603e+01 -2.000000e+00 -2.000000e+01
    endloop
  endfacet
  facet normal -7.933533e-01 0.000000e+00 6.087614e-01
    outer loop
      vertex   2.586603e+01 -6.000000e+00 -2.000000e+01
      vertex   2.586603e+01 -2.000000e+00 -2.000000e+01
      vertex   2.570711e+01 -6.000000e+00 -2.020711e+01
    endloop
  endfacet
  facet normal -7.933533e-01 0.000000e+00 6.087614e-01
    outer loop
      vertex   2.570711e+01 -6.000000e+00 -2.020711e+01
      vertex   2.586603e+01 -2.000000e+00 -2.000000e+01
      vertex   2.570711e+01 -2.000000e+00 -2.020711e+01
    endloop
  endfacet
  facet normal -6.087614e-01 0.000000e+00 7.933533e-01
    outer loop
      vertex   2.570711e+01 -6.000000e+00 -2.020711e+01
      vertex   2.570711e+01 -2.000000e+00 -2.020711e+01
      vertex   2.550000e+01 -6.000000e+00 -2.036603e+01
    endloop
  endfacet
  facet normal -6.087614e-01 0.000000e+00 7.933533e-01
    outer loop
      vertex   2.550000e+01 -6.000000e+00 -2.036603e+01
      vertex   2.570711e+01 -2.000000e+00 -2.020711e+01
      vertex   2.550000e+01 -2.000000e+00 -2.036603e+01
    endloop
  endfacet
  facet normal -3.826834e-01 0.000000e+00 9.238795e-01
    outer loop
      vertex   2.550000e+01 -6.000000e+00 -2.036603e+01
      vertex   2.550000e+01 -2.000000e+00 -2.036603e+01
      vertex   2.525882e+01 -6.000000e+00 -2.046593e+01
    endloop
  endfacet
  facet normal -3.826834e-01 0.000000e+00 9.238795e-01
    outer loop
      vertex   2.525882e+01 -6.000000e+00 -2.046593e+01
      vertex   2.550000e+01 -2.000000e+00 -2.036603e+01
      vertex   2.525882e+01 -2.000000e+00 -2.046593e+01
    endloop
  endfacet
  facet normal -1.305262e-01 0.000000e+00 9.914449e-01
    outer loop
      vertex   2.525882e+01 -6.000000e+00 -2.046593e+01
      vertex   2.525882e+01 -2.000000e+00 -2.046593e+01
      vertex   2.500000e+01 -6.000000e+00 -2.050000e+01
    endloop
  endfacet
  facet normal -1.305262e-01 0.000000e+00 9.914449e-01
    outer loop
      vertex   2.500000e+01 -6.000000e+00 -2.050000e+01
      vertex   2.525882e+01 -2.000000e+00 -2.046593e+01
      vertex   2.500000e+01 -2.000000e+00 -2.050000e+01
    endloop
  endfacet
  facet normal 0.000000e+00 0.000000e+00 1.000000e+00
    outer loop
      vertex   2.500000e+01 -2.000000e+00 -2.050000e+01
      vertex   2.200000e+01 -2.000000e+00 -2.050000e+01
      vertex   2.500000e+01 -6.000000e+00 -2.050000e+01
    endloop
  endfacet
  facet normal 0.000000e+00 0.000000e+00 1.000000e+00
    outer loop
      vertex   2.500000e+01 -6.000000e+00 -2.050000e+01
      vertex   2.200000e+01 -2.000000e+00 -2.050000e+01
      vertex   2.200000e+01 -6.000000e+00 -2.050000e+01
    endloop
  endfacet
  facet normal 9.914449e-01 0.000000e+00 -1.305262e-01
    outer loop
      vertex   2.100000e+01 -6.000000e+00 -1.650000e+01
      vertex   2.100000e+01 -2.000000e+00 -1.650000e+01
      vertex   2.103407e+01 -6.000000e+00 -1.624118e+01
    endloop
  endfacet
  facet normal 9.914449e-01 0.000000e+00 -1.305262e-01
    outer loop
      vertex   2.103407e+01 -6.000000e+00 -1.624118e+01
      vertex   2.100000e+01 -2.000000e+00 -1.650000e+01
      vertex   2.103407e+01 -2.000000e+00 -1.624118e+01
    endloop
  endfacet
  facet normal 9.238795e-01 0.000000e+00 -3.826834e-01
    outer loop
      vertex   2.103407e+01 -6.000000e+00 -1.624118e+01
      vertex   2.103407e+01 -2.000000e+00 -1.624118e+01
      vertex   2.113397e+01 -6.000000e+00 -1.600000e+01
    endloop
  endfacet
  facet normal 9.238795e-01 0.000000e+00 -3.826834e-01
    outer loop
      vertex   2.113397e+01 -6.000000e+00 -1.600000e+01
      vertex   2.103407e+01 -2.000000e+00 -1.624118e+01
      vertex   2.113397e+01 -2.000000e+00 -1.600000e+01
    endloop
  endfacet
  facet normal 7.933533e-01 0.000000e+00 -6.087614e-01
    outer loop
      vertex   2.113397e+01 -6.000000e+00 -1.600000e+01
      vertex   2.113397e+01 -2.000000e+00 -1.600000e+01
      vertex   2.129289e+01 -6.000000e+00 -1.579289e+01
    endloop
  endfacet
  facet normal 7.933533e-01 0.000000e+00 -6.087614e-01
    outer loop
      vertex   2.129289e+01 -6.000000e+00 -1.579289e+01
      vertex   2.113397e+01 -2.000000e+00 -1.600000e+01
      vertex   2.129289e+01 -2.000000e+00 -1.579289e+01
    endloop
  endfacet
  facet normal 6.087614e-01 0.000000e+00 -7.933533e-01
    outer loop
      vertex   2.129289e+01 -6.000000e+00 -1.579289e+01
      vertex   2.129289e+01 -2.000000e+00 -1.579289e+01
      vertex   2.150000e+01 -6.000000e+00 -1.563397e+01
    endloop
  endfacet
  facet normal 6.087614e-01 0.000000e+00 -7.933533e-01
    outer loop
      vertex   2.150000e+01 -6.000000e+00 -1.563397e+01
      vertex   2.129289e+01 -2.000000e+00 -1.579289e+01
      vertex   2.150000e+01 -2.000000e+00 -1.563397e+01
    endloop
  endfacet
  facet normal 3.826834e-01 0.000000e+00 -9.238795e-01
    outer loop
      vertex   2.150000e+01 -6.000000e+00 -1.563397e+01
      vertex   2.150000e+01 -2.000000e+00 -1.563397e+01
      vertex   2.174118e+01 -6.000000e+00 -1.553407e+01
    endloop
  endfacet
  facet normal 3.826834e-01 0.000000e+00 -9.238795e-01
    outer loop
      vertex   2.174118e+01 -6.000000e+00 -1.553407e+01
      vertex   2.150000e+01 -2.000000e+00 -1.563397e+01
      vertex   2.174118e+01 -2.000000e+00 -1.553407e+01
    endloop
  endfacet
  facet normal 1.305262e-01 0.000000e+00 -9.914449e-01
    outer loop
      vertex   2.174118e+01 -6.000000e+00 -1.553407e+01
      vertex   2.174118e+01 -2.000000e+00 -1.553407e+01
      vertex   2.200000e+01 -6.000000e+00 -1.550000e+01
    endloop
  endfacet
  facet normal 1.305262e-01 0.000000e+00 -9.914449e-01
    outer loop
      vertex   2.200000e+01 -6.000000e+00 -1.550000e+01
      vertex   2.174118e+01 -2.000000e+00 -1.553407e+01
      vertex   2.200000e+01 -2.000000e+00 -1.550000e+01
    endloop
  endfacet
  facet normal 0.000000e+00 0.000000e+00 -1.000000e+00
    outer loop
      vertex   2.200000e+01 -2.000000e+00 -1.550000e+01
      vertex   2.500000e+01 -2.000000e+00 -1.550000e+01
      vertex   2.200000e+01 -6.000000e+00 -1.550000e+01
    endloop
  endfacet
  facet normal 0.000000e+00 0.000000e+00 -1.000000e+00
    outer loop
      vertex   2.200000e+01 -6.000000e+00 -1.550000e+01
      vertex   2.500000e+01 -2.000000e+00 -1.550000e+01
      vertex   2.500000e+01 -6.000000e+00 -1.550000e+01
    endloop
  endfacet
  facet normal -1.305262e-01 0.000000e+00 -9.914449e-01
    outer loop
      vertex   2.500000e+01 -6.000000e+00 -1.550000e+01
      vertex   2.500000e+01 -2.000000e+00 -1.550000e+01
      vertex   2.525882e+01 -6.000000e+00 -1.553407e+01
    endloop
  endfacet
  facet normal -1.305262e-01 0.000000e+00 -9.914449e-01
    outer loop
      vertex   2.525882e+01 -6.000000e+00 -1.553407e+01
      vertex   2.500000e+01 -2.000000e+00 -1.550000e+01
      vertex   2.525882e+01 -2.000000e+00 -1.553407e+01
    endloop
  endfacet
  facet normal -3.826834e-01 0.000000e+00 -9.238795e-01
    outer loop
      vertex   2.525882e+01 -6.000000e+00 -1.553407e+01
      vertex   2.525882e+01 -2.000000e+00 -1.553407e+01
      vertex   2.550000e+01 -6.000000e+00 -1.563397e+01
    endloop
  endfacet
  facet normal -3.826834e-01 0.000000e+00 -9.238795e-01
    outer loop
      vertex   2.550000e+01 -6.000000e+00 -1.563397e+01
      vertex   2.525882e+01 -2.000000e+00 -1.553407e+01
      vertex   2.550000e+01 -2.000000e+00 -1.563397e+01
    endloop
  endfacet
  facet normal -6.087614e-01 0.000000e+00 -7.933533e-01
    outer loop
      vertex   2.550000e+01 -6.000000e+00 -1.563397e+01
      vertex   2.550000e+01 -2.000000e+00 -1.563397e+01
      vertex   2.570711e+01 -6.000000e+00 -1.579289e+01
    endloop
  endfacet
  facet normal -6.087614e-01 0.000000e+00 -7.933533e-01
    outer loop
      vertex   2.570711e+01 -6.000000e+00 -1.579289e+01
      vertex   2.550000e+01 -2.000000e+00 -1.563397e+01
      vertex   2.570711e+01 -2.000000e+00 -1.579289e+01
    endloop
  endfacet
  facet normal -7.933533e-01 0.000000e+00 -6.087614e-01
    outer loop
      vertex   2.570711e+01 -6.000000e+00 -1.579289e+01
      vertex   2.570711e+01 -2.000000e+00 -1.579289e+01
      vertex   2.586603e+01 -6.000000e+00 -1.600000e+01
    endloop
  endfacet
  facet normal -7.933533e-01 0.000000e+00 -6.087614e-01
    outer loop
      vertex   2.586603e+01 -6.000000e+00 -1.600000e+01
      vertex   2.570711e+01 -2.000000e+00 -1.579289e+01
      vertex   2.586603e+01 -2.000000e+00 -1.600000e+01
    endloop
  endfacet
  facet normal -9.238795e-01 0.000000e+00 -3.826834e-01
    outer loop
      vertex   2.586603e+01 -6.000000e+00 -1.600000e+01
      vertex   2.586603e+01 -2.000000e+00 -1.600000e+01
      vertex   2.596593e+01 -6.000000e+00 -1.624118e+01
    endloop
  endfacet
  facet normal -9.238795e-01 0.000000e+00 -3.826834e-01
    outer loop
      vertex   2.596593e+01 -6.000000e+00 -1.624118e+01
      vertex   2.586603e+01 -2.000000e+00 -1.600000e+01
      vertex   2.596593e+01 -2.000000e+00 -1.624118e+01
    endloop
  endfacet
  facet normal -9.914449e-01 0.000000e+00 -1.305262e-01
    outer loop
      vertex   2.596593e+01 -6.000000e+00 -1.624118e+01
      vertex   2.596593e+01 -2.000000e+00 -1.624118e+01
      vertex   2.600000e+01 -6.000000e+00 -1.650000e+01
    endloop
  endfacet
  facet normal -9.914449e-01 0.000000e+00 -1.305262e-01
    outer loop
      vertex   2.600000e+01 -6.000000e+00 -1.650000e+01
      vertex   2.596593e+01 -2.000000e+00 -1.624118e+01
      vertex   2.600000e+01 -2.000000e+00 -1.650000e+01
    endloop
  endfacet
  facet normal -1.000000e+00 0.000000e+00 0.000000e+00
    outer loop
      vertex   2.600000e+01 -6.000000e+00 -1.950000e+01
      vertex   2.600000e+01 -6.000000e+00 -1.650000e+01
      vertex   2.600000e+01 -2.000000e+00 -1.950000e+01
    endloop
  endfacet
  facet normal -1.000000e+00 0.000000e+00 0.000000e+00
    outer loop
      vertex   2.600000e+01 -2.000000e+00 -1.950000e+01
      vertex   2.600000e+01 -6.000000e+00 -1.650000e+01
      vertex   2.600000e+01 -2.000000e+00 -1.650000e+01
    endloop
  endfacet
  facet normal 1.305262e-01 -0.000000e+00 9.914449e-01
    outer loop
      vertex   2.200000e+01 -6.000000e+00 -2.050000e+01
      vertex   2.200000e+01 -2.000000e+00 -2.050000e+01
      vertex   2.174118e+01 -6.000000e+00 -2.046593e+01
    endloop
  endfacet
  facet normal 1.305262e-01 -0.000000e+00 9.914449e-01
    outer loop
      vertex   2.174118e+01 -6.000000e+00 -2.046593e+01
      vertex   2.200000e+01 -2.000000e+00 -2.050000e+01
      vertex   2.174118e+01 -2.000000e+00 -2.046593e+01
    endloop
  endfacet
  facet normal 3.826834e-01 -0.000000e+00 9.238795e-01
    outer loop
      vertex   2.174118e+01 -6.000000e+00 -2.046593e+01
      vertex   2.174118e+01 -2.000000e+00 -2.046593e+01
      vertex   2.150000e+01 -6.000000e+00 -2.036603e+01
    endloop
  endfacet
  facet normal 3.826834e-01 -0.000000e+00 9.238795e-01
    outer loop
      vertex   2.150000e+01 -6.000000e+00 -2.036603e+01
      vertex   2.174118e+01 -2.000000e+00 -2.046593e+01
      vertex   2.150000e+01 -2.000000e+00 -2.036603e+01
    endloop
  endfacet
  facet normal 6.087614e-01 -0.000000e+00 7.933533e-01
    outer loop
      vertex   2.150000e+01 -6.000000e+00 -2.036603e+01
      vertex   2.150000e+01 -2.000000e+00 -2.036603e+01
      vertex   2.129289e+01 -6.000000e+00 -2.020711e+01
    endloop
  endfacet
  facet normal 6.087614e-01 -0.000000e+00 7.933533e-01
    outer loop
      vertex   2.129289e+01 -6.000000e+00 -2.020711e+01
      vertex   2.150000e+01 -2.000000e+00 -2.036603e+01
      vertex   2.129289e+01 -2.000000e+00 -2.020711e+01
    endloop
  endfacet
  facet normal 7.933533e-01 -0.000000e+00 6.087614e-01
    outer loop
      vertex   2.129289e+01 -6.000000e+00 -2.020711e+01
      vertex   2.129289e+01 -2.000000e+00 -2.020711e+01
      vertex   2.113397e+01 -6.000000e+00 -2.000000e+01
    endloop
  endfacet
  facet normal 7.933533e-01 -0.000000e+00 6.087614e-01
    outer loop
      vertex   2.113397e+01 -6.000000e+00 -2.000000e+01
      vertex   2.129289e+01 -2.000000e+00 -2.020711e+01
      vertex   2.113397e+01 -2.000000e+00 -2.000000e+01
    endloop
  endfacet
  facet normal 9.238795e-01 -0.000000e+00 3.826834e-01
    outer loop
      vertex   2.113397e+01 -6.000000e+00 -2.000000e+01
      vertex   2.113397e+01 -2.000000e+00 -2.000000e+01
      vertex   2.103407e+01 -6.000000e+00 -1.975882e+01
    endloop
  endfacet
  facet normal 9.238795e-01 -0.000000e+00 3.826834e-01
    outer loop
      vertex   2.103407e+01 -6.000000e+00 -1.975882e+01
      vertex   2.113397e+01 -2.000000e+00 -2.000000e+01
      vertex   2.103407e+01 -2.000000e+00 -1.975882e+01
    endloop
  endfacet
  facet normal 9.914449e-01 -0.000000e+00 1.305262e-01
    outer loop
      vertex   2.103407e+01 -6.000000e+00 -1.975882e+01
      vertex   2.103407e+01 -2.000000e+00 -1.975882e+01
      vertex   2.100000e+01 -6.000000e+00 -1.950000e+01
    endloop
  endfacet
  facet normal 9.914449e-01 -0.000000e+00 1.305262e-01
    outer loop
      vertex   2.100000e+01 -6.000000e+00 -1.950000e+01
      vertex   2.103407e+01 -2.000000e+00 -1.975882e+01
      vertex   2.100000e+01 -2.000000e+00 -1.950000e+01
    endloop
  endfacet
  facet normal 1.000000e+00 -0.000000e+00 0.000000e+00
    outer loop
      vertex   2.100000e+01 -6.000000e+00 -1.650000e+01
      vertex   2.100000e+01 -6.000000e+00 -1.950000e+01
      vertex   2.100000e+01 -2.000000e+00 -1.650000e+01
    endloop
  endfacet
  facet normal 1.000000e+00 0.000000e+00 0.000000e+00
    outer loop
      vertex   2.100000e+01 -2.000000e+00 -1.650000e+01
      vertex   2.100000e+01 -6.000000e+00 -1.950000e+01
      vertex   2.100000e+01 -2.000000e+00 -1.950000e+01
    endloop
  endfacet
  facet normal -9.914449e-01 2.201450e-16 1.305262e-01
    outer loop
      vertex   4.000000e+00 -6.000000e+00 -1.950000e+01
      vertex   4.000000e+00 -2.000000e+00 -1.950000e+01
      vertex   3.965926e+00 -6.000000e+00 -1.975882e+01
    endloop
  endfacet
  facet normal -9.914449e-01 2.201450e-16 1.305262e-01
    outer loop
      vertex   3.965926e+00 -6.000000e+00 -1.975882e+01
      vertex   4.000000e+00 -2.000000e+00 -1.950000e+01
      vertex   3.965926e+00 -2.000000e+00 -1.975882e+01
    endloop
  endfacet
  facet normal -9.238795e-01 2.051425e-16 3.826834e-01
    outer loop
      vertex   3.965926e+00 -6.000000e+00 -1.975882e+01
      vertex   3.965926e+00 -2.000000e+00 -1.975882e+01
      vertex   3.866026e+00 -6.000000e+00 -2.000000e+01
    endloop
  endfacet
  facet normal -9.238795e-01 0.000000e+00 3.826834e-01
    outer loop
      vertex   3.866026e+00 -6.000000e+00 -2.000000e+01
      vertex   3.965926e+00 -2.000000e+00 -1.975882e+01
      vertex   3.866026e+00 -2.000000e+00 -2.000000e+01
    endloop
  endfacet
  facet normal -7.933533e-01 0.000000e+00 6.087614e-01
    outer loop
      vertex   3.866026e+00 -6.000000e+00 -2.000000e+01
      vertex   3.866026e+00 -2.000000e+00 -2.000000e+01
      vertex   3.707107e+00 -6.000000e+00 -2.020711e+01
    endloop
  endfacet
  facet normal -7.933533e-01 0.000000e+00 6.087614e-01
    outer loop
      vertex   3.707107e+00 -6.000000e+00 -2.020711e+01
      vertex   3.866026e+00 -2.000000e+00 -2.000000e+01
      vertex   3.707107e+00 -2.000000e+00 -2.020711e+01
    endloop
  endfacet
  facet normal -6.087614e-01 0.000000e+00 7.933533e-01
    outer loop
      vertex   3.707107e+00 -6.000000e+00 -2.020711e+01
      vertex   3.707107e+00 -2.000000e+00 -2.020711e+01
      vertex   3.500000e+00 -6.000000e+00 -2.036603e+01
    endloop
  endfacet
  facet normal -6.087614e-01 0.000000e+00 7.933533e-01
    outer loop
      vertex   3.500000e+00 -6.000000e+00 -2.036603e+01
      vertex   3.707107e+00 -2.000000e+00 -2.020711e+01
      vertex   3.500000e+00 -2.000000e+00 -2.036603e+01
    endloop
  endfacet
  facet normal -3.826834e-01 0.000000e+00 9.238795e-01
    outer loop
      vertex   3.500000e+00 -6.000000e+00 -2.036603e+01
      vertex   3.500000e+00 -2.000000e+00 -2.036603e+01
      vertex   3.258819e+00 -6.000000e+00 -2.046593e+01
    endloop
  endfacet
  facet normal -3.826834e-01 -8.205699e-16 9.238795e-01
    outer loop
      vertex   3.258819e+00 -6.000000e+00 -2.046593e+01
      vertex   3.500000e+00 -2.000000e+00 -2.036603e+01
      vertex   3.258819e+00 -2.000000e+00 -2.046593e+01
    endloop
  endfacet
  facet normal -1.305262e-01 -8.805799e-16 9.914449e-01
    outer loop
      vertex   3.258819e+00 -6.000000e+00 -2.046593e+01
      vertex   3.258819e+00 -2.000000e+00 -2.046593e+01
      vertex   3.000000e+00 -6.000000e+00 -2.050000e+01
    endloop
  endfacet
  facet normal -1.305262e-01 0.000000e+00 9.914449e-01
    outer loop
      vertex   3.000000e+00 -6.000000e+00 -2.050000e+01
      vertex   3.258819e+00 -2.000000e+00 -2.046593e+01
      vertex   3.000000e+00 -2.000000e+00 -2.050000e+01
    endloop
  endfacet
  facet normal 0.000000e+00 0.000000e+00 1.000000e+00
    outer loop
      vertex   3.000000e+00 -2.000000e+00 -2.050000e+01
      vertex   1.862645e-07 -2.000000e+00 -2.050000e+01
      vertex   3.000000e+00 -6.000000e+00 -2.050000e+01
    endloop
  endfacet
  facet normal 0.000000e+00 0.000000e+00 1.000000e+00
    outer loop
      vertex   3.000000e+00 -6.000000e+00 -2.050000e+01
      vertex   1.862645e-07 -2.000000e+00 -2.050000e+01
      vertex   1.862645e-07 -6.000000e+00 -2.050000e+01
    endloop
  endfacet
  facet normal -1.305262e-01 0.000000e+00 -9.914449e-01
    outer loop
      vertex   3.000000e+00 -6.000000e+00 -1.550000e+01
      vertex   3.000000e+00 -2.000000e+00 -1.550000e+01
      vertex   3.258819e+00 -6.000000e+00 -1.553407e+01
    endloop
  endfacet
  facet normal -1.305262e-01 0.000000e+00 -9.914449e-01
    outer loop
      vertex   3.258819e+00 -6.000000e+00 -1.553407e+01
      vertex   3.000000e+00 -2.000000e+00 -1.550000e+01
      vertex   3.258819e+00 -2.000000e+00 -1.553407e+01
    endloop
  endfacet
  facet normal -3.826834e-01 0.000000e+00 -9.238795e-01
    outer loop
      vertex   3.258819e+00 -6.000000e+00 -1.553407e+01
      vertex   3.258819e+00 -2.000000e+00 -1.553407e+01
      vertex   3.500000e+00 -6.000000e+00 -1.563397e+01
    endloop
  endfacet
  facet normal -3.826834e-01 0.000000e+00 -9.238795e-01
    outer loop
      vertex   3.500000e+00 -6.000000e+00 -1.563397e+01
      vertex   3.258819e+00 -2.000000e+00 -1.553407e+01
      vertex   3.500000e+00 -2.000000e+00 -1.563397e+01
    endloop
  endfacet
  facet normal -6.087614e-01 0.000000e+00 -7.933533e-01
    outer loop
      vertex   3.500000e+00 -6.000000e+00 -1.563397e+01
      vertex   3.500000e+00 -2.000000e+00 -1.563397e+01
      vertex   3.707107e+00 -6.000000e+00 -1.579289e+01
    endloop
  endfacet
  facet normal -6.087614e-01 0.000000e+00 -7.933533e-01
    outer loop
      vertex   3.707107e+00 -6.000000e+00 -1.579289e+01
      vertex   3.500000e+00 -2.000000e+00 -1.563397e+01
      vertex   3.707107e+00 -2.000000e+00 -1.579289e+01
    endloop
  endfacet
  facet normal -7.933533e-01 0.000000e+00 -6.087614e-01
    outer loop
      vertex   3.707107e+00 -6.000000e+00 -1.579289e+01
      vertex   3.707107e+00 -2.000000e+00 -1.579289e+01
      vertex   3.866026e+00 -6.000000e+00 -1.600000e+01
    endloop
  endfacet
  facet normal -7.933533e-01 -8.807991e-17 -6.087614e-01
    outer loop
      vertex   3.866026e+00 -6.000000e+00 -1.600000e+01
      vertex   3.707107e+00 -2.000000e+00 -1.579289e+01
      vertex   3.866026e+00 -2.000000e+00 -1.600000e+01
    endloop
  endfacet
  facet normal -9.238795e-01 -1.025712e-16 -3.826834e-01
    outer loop
      vertex   3.866026e+00 -6.000000e+00 -1.600000e+01
      vertex   3.866026e+00 -2.000000e+00 -1.600000e+01
      vertex   3.965926e+00 -6.000000e+00 -1.624118e+01
    endloop
  endfacet
  facet normal -9.238795e-01 0.000000e+00 -3.826834e-01
    outer loop
      vertex   3.965926e+00 -6.000000e+00 -1.624118e+01
      vertex   3.866026e+00 -2.000000e+00 -1.600000e+01
      vertex   3.965926e+00 -2.000000e+00 -1.624118e+01
    endloop
  endfacet
  facet normal -9.914449e-01 0.000000e+00 -1.305262e-01
    outer loop
      vertex   3.965926e+00 -6.000000e+00 -1.624118e+01
      vertex   3.965926e+00 -2.000000e+00 -1.624118e+01
      vertex   4.000000e+00 -6.000000e+00 -1.650000e+01
    endloop
  endfacet
  facet normal -9.914449e-01 2.201450e-16 -1.305262e-01
    outer loop
      vertex   4.000000e+00 -6.000000e+00 -1.650000e+01
      vertex   3.965926e+00 -2.000000e+00 -1.624118e+01
      vertex   4.000000e+00 -2.000000e+00 -1.650000e+01
    endloop
  endfacet
  facet normal -1.000000e+00 2.220446e-16 0.000000e+00
    outer loop
      vertex   4.000000e+00 -6.000000e+00 -1.950000e+01
      vertex   4.000000e+00 -6.000000e+00 -1.650000e+01
      vertex   4.000000e+00 -2.000000e+00 -1.950000e+01
    endloop
  endfacet
  facet normal -1.000000e+00 2.220446e-16 0.000000e+00
    outer loop
      vertex   4.000000e+00 -2.000000e+00 -1.950000e+01
      vertex   4.000000e+00 -6.000000e+00 -1.650000e+01
      vertex   4.000000e+00 -2.000000e+00 -1.650000e+01
    endloop
  endfacet
  facet normal 1.305262e-01 1.811415e-17 9.914449e-01
    outer loop
      vertex   1.862645e-07 -6.000000e+00 -2.050000e+01
      vertex   1.862645e-07 -2.000000e+00 -2.050000e+01
      vertex   -2.588189e-01 -6.000000e+00 -2.046593e+01
    endloop
  endfacet
  facet normal 1.305262e-01 1.449132e-17 9.914449e-01
    outer loop
      vertex   -2.588189e-01 -6.000000e+00 -2.046593e+01
      vertex   1.862645e-07 -2.000000e+00 -2.050000e+01
      vertex   -2.588189e-01 -2.000000e+00 -2.046593e+01
    endloop
  endfacet
  facet normal 3.826834e-01 4.248640e-17 9.238795e-01
    outer loop
      vertex   -2.588189e-01 -6.000000e+00 -2.046593e+01
      vertex   -2.588189e-01 -2.000000e+00 -2.046593e+01
      vertex   -4.999998e-01 -6.000000e+00 -2.036603e+01
    endloop
  endfacet
  facet normal 3.826834e-01 3.717560e-17 9.238795e-01
    outer loop
      vertex   -4.999998e-01 -6.000000e+00 -2.036603e+01
      vertex   -2.588189e-01 -2.000000e+00 -2.046593e+01
      vertex   -4.999998e-01 -2.000000e+00 -2.036603e+01
    endloop
  endfacet
  facet normal 6.087614e-01 5.913783e-17 7.933533e-01
    outer loop
      vertex   -4.999998e-01 -6.000000e+00 -2.036603e+01
      vertex   -4.999998e-01 -2.000000e+00 -2.036603e+01
      vertex   -7.071066e-01 -6.000000e+00 -2.020711e+01
    endloop
  endfacet
  facet normal 6.087614e-01 3.379305e-17 7.933533e-01
    outer loop
      vertex   -7.071066e-01 -6.000000e+00 -2.020711e+01
      vertex   -4.999998e-01 -2.000000e+00 -2.036603e+01
      vertex   -7.071066e-01 -2.000000e+00 -2.020711e+01
    endloop
  endfacet
  facet normal 7.933533e-01 4.403996e-17 6.087614e-01
    outer loop
      vertex   -7.071066e-01 -6.000000e+00 -2.020711e+01
      vertex   -7.071066e-01 -2.000000e+00 -2.020711e+01
      vertex   -8.660252e-01 -6.000000e+00 -2.000000e+01
    endloop
  endfacet
  facet normal 7.933533e-01 2.201998e-17 6.087614e-01
    outer loop
      vertex   -8.660252e-01 -6.000000e+00 -2.000000e+01
      vertex   -7.071066e-01 -2.000000e+00 -2.020711e+01
      vertex   -8.660252e-01 -2.000000e+00 -2.000000e+01
    endloop
  endfacet
  facet normal 9.238795e-01 2.564281e-17 3.826834e-01
    outer loop
      vertex   -8.660252e-01 -6.000000e+00 -2.000000e+01
      vertex   -8.660252e-01 -2.000000e+00 -2.000000e+01
      vertex   -9.659256e-01 -6.000000e+00 -1.975882e+01
    endloop
  endfacet
  facet normal 9.238795e-01 -0.000000e+00 3.826834e-01
    outer loop
      vertex   -9.659256e-01 -6.000000e+00 -1.975882e+01
      vertex   -8.660252e-01 -2.000000e+00 -2.000000e+01
      vertex   -9.659256e-01 -2.000000e+00 -1.975882e+01
    endloop
  endfacet
  facet normal 9.914449e-01 -0.000000e+00 1.305262e-01
    outer loop
      vertex   -9.659256e-01 -6.000000e+00 -1.975882e+01
      vertex   -9.659256e-01 -2.000000e+00 -1.975882e+01
      vertex   -9.999998e-01 -6.000000e+00 -1.950000e+01
    endloop
  endfacet
  facet normal 9.914449e-01 2.476631e-16 1.305262e-01
    outer loop
      vertex   -9.999998e-01 -6.000000e+00 -1.950000e+01
      vertex   -9.659256e-01 -2.000000e+00 -1.975882e+01
      vertex   -9.999998e-01 -2.000000e+00 -1.950000e+01
    endloop
  endfacet
  facet normal 1.000000e+00 2.498002e-16 -0.000000e+00
    outer loop
      vertex   -9.999998e-01 -2.000000e+00 -1.950000e+01
      vertex   -9.999998e-01 -2.000000e+00 -1.650000e+01
      vertex   -9.999998e-01 -6.000000e+00 -1.950000e+01
    endloop
  endfacet
  facet normal 1.000000e+00 2.498002e-16 -0.000000e+00
    outer loop
      vertex   -9.999998e-01 -6.000000e+00 -1.950000e+01
      vertex   -9.999998e-01 -2.000000e+00 -1.650000e+01
      vertex   -9.999998e-01 -6.000000e+00 -1.650000e+01
    endloop
  endfacet
  facet normal 9.914449e-01 2.476631e-16 -1.305262e-01
    outer loop
      vertex   -9.999998e-01 -6.000000e+00 -1.650000e+01
      vertex   -9.999998e-01 -2.000000e+00 -1.650000e+01
      vertex   -9.659256e-01 -6.000000e+00 -1.624118e+01
    endloop
  endfacet
  facet normal 9.914449e-01 -2.751812e-17 -1.305262e-01
    outer loop
      vertex   -9.659256e-01 -6.000000e+00 -1.624118e+01
      vertex   -9.999998e-01 -2.000000e+00 -1.650000e+01
      vertex   -9.659256e-01 -2.000000e+00 -1.624118e+01
    endloop
  endfacet
  facet normal 9.238795e-01 -2.564281e-17 -3.826834e-01
    outer loop
      vertex   -9.659256e-01 -6.000000e+00 -1.624118e+01
      vertex   -9.659256e-01 -2.000000e+00 -1.624118e+01
      vertex   -8.660252e-01 -6.000000e+00 -1.600000e+01
    endloop
  endfacet
  facet normal 9.238795e-01 -2.564281e-17 -3.826834e-01
    outer loop
      vertex   -8.660252e-01 -6.000000e+00 -1.600000e+01
      vertex   -9.659256e-01 -2.000000e+00 -1.624118e+01
      vertex   -8.660252e-01 -2.000000e+00 -1.600000e+01
    endloop
  endfacet
  facet normal 7.933533e-01 -2.201998e-17 -6.087614e-01
    outer loop
      vertex   -8.660252e-01 -6.000000e+00 -1.600000e+01
      vertex   -8.660252e-01 -2.000000e+00 -1.600000e+01
      vertex   -7.071066e-01 -6.000000e+00 -1.579289e+01
    endloop
  endfacet
  facet normal 7.933533e-01 -4.403996e-17 -6.087614e-01
    outer loop
      vertex   -7.071066e-01 -6.000000e+00 -1.579289e+01
      vertex   -8.660252e-01 -2.000000e+00 -1.600000e+01
      vertex   -7.071066e-01 -2.000000e+00 -1.579289e+01
    endloop
  endfacet
  facet normal 6.087614e-01 -3.379305e-17 -7.933533e-01
    outer loop
      vertex   -7.071066e-01 -6.000000e+00 -1.579289e+01
      vertex   -7.071066e-01 -2.000000e+00 -1.579289e+01
      vertex   -4.999998e-01 -6.000000e+00 -1.563397e+01
    endloop
  endfacet
  facet normal 6.087614e-01 -5.068957e-17 -7.933533e-01
    outer loop
      vertex   -4.999998e-01 -6.000000e+00 -1.563397e+01
      vertex   -7.071066e-01 -2.000000e+00 -1.579289e+01
      vertex   -4.999998e-01 -2.000000e+00 -1.563397e+01
    endloop
  endfacet
  facet normal 3.826834e-01 -3.186480e-17 -9.238795e-01
    outer loop
      vertex   -4.999998e-01 -6.000000e+00 -1.563397e+01
      vertex   -4.999998e-01 -2.000000e+00 -1.563397e+01
      vertex   -2.588189e-01 -6.000000e+00 -1.553407e+01
    endloop
  endfacet
  facet normal 3.826834e-01 -3.186480e-17 -9.238795e-01
    outer loop
      vertex   -2.588189e-01 -6.000000e+00 -1.553407e+01
      vertex   -4.999998e-01 -2.000000e+00 -1.563397e+01
      vertex   -2.588189e-01 -2.000000e+00 -1.553407e+01
    endloop
  endfacet
  facet normal 1.305262e-01 -1.086849e-17 -9.914449e-01
    outer loop
      vertex   -2.588189e-01 -6.000000e+00 -1.553407e+01
      vertex   -2.588189e-01 -2.000000e+00 -1.553407e+01
      vertex   1.862645e-07 -6.000000e+00 -1.550000e+01
    endloop
  endfacet
  facet normal 1.305262e-01 -1.811415e-17 -9.914449e-01
    outer loop
      vertex   1.862645e-07 -6.000000e+00 -1.550000e+01
      vertex   -2.588189e-01 -2.000000e+00 -1.553407e+01
      vertex   1.862645e-07 -2.000000e+00 -1.550000e+01
    endloop
  endfacet
  facet normal 0.000000e+00 0.000000e+00 -1.000000e+00
    outer loop
      vertex   3.000000e+00 -6.000000e+00 -1.550000e+01
      vertex   1.862645e-07 -6.000000e+00 -1.550000e+01
      vertex   3.000000e+00 -2.000000e+00 -1.550000e+01
    endloop
  endfacet
  facet normal -0.000000e+00 0.000000e+00 -1.000000e+00
    outer loop
      vertex   3.000000e+00 -2.000000e+00 -1.550000e+01
      vertex   1.862645e-07 -6.000000e+00 -1.550000e+01
      vertex   1.862645e-07 -2.000000e+00 -1.550000e+01
    endloop
  endfacet
  facet normal 0.000000e+00 -9.801714e-02 9.951847e-01
    outer loop
      vertex   2.700000e+01 -4.000000e+00 1.050000e+01
      vertex   -2.000000e+00 -4.000000e+00 1.050000e+01
      vertex   2.739018e+01 -4.390180e+00 1.046157e+01
    endloop
  endfacet
  facet normal -5.800050e-04 -1.411933e-01 9.899819e-01
    outer loop
      vertex   2.739018e+01 -4.390180e+00 1.046157e+01
      vertex   -2.000000e+00 -4.000000e+00 1.050000e+01
      vertex   2.075000e+01 -4.445041e+00 1.044986e+01
    endloop
  endfacet
  facet normal 7.044065e-04 -2.896395e-01 9.571356e-01
    outer loop
      vertex   2.739018e+01 -4.390180e+00 1.046157e+01
      vertex   2.075000e+01 -4.445041e+00 1.044986e+01
      vertex   2.776537e+01 -4.765366e+00 1.034776e+01
    endloop
  endfacet
  facet normal -1.344078e-03 -3.302788e-01 9.438825e-01
    outer loop
      vertex   2.776537e+01 -4.765366e+00 1.034776e+01
      vertex   2.075000e+01 -4.445041e+00 1.044986e+01
      vertex   2.075000e+01 -4.867767e+00 1.030194e+01
    endloop
  endfacet
  facet normal 1.104925e-03 -4.705368e-01 8.823797e-01
    outer loop
      vertex   2.776537e+01 -4.765366e+00 1.034776e+01
      vertex   2.075000e+01 -4.867767e+00 1.030194e+01
      vertex   2.811114e+01 -5.111140e+00 1.016294e+01
    endloop
  endfacet
  facet normal -1.601493e-03 -5.320314e-01 8.467231e-01
    outer loop
      vertex   2.811114e+01 -5.111140e+00 1.016294e+01
      vertex   2.075000e+01 -4.867767e+00 1.030194e+01
      vertex   2.075000e+01 -5.246979e+00 1.006366e+01
    endloop
  endfacet
  facet normal 1.259357e-03 -6.336400e-01 7.736271e-01
    outer loop
      vertex   2.811114e+01 -5.111140e+00 1.016294e+01
      vertex   2.075000e+01 -5.246979e+00 1.006366e+01
      vertex   2.841421e+01 -5.414213e+00 9.914214e+00
    endloop
  endfacet
  facet normal -1.640816e-03 -7.071058e-01 7.071058e-01
    outer loop
      vertex   2.841421e+01 -5.414213e+00 9.914214e+00
      vertex   2.075000e+01 -5.246979e+00 1.006366e+01
      vertex   2.075000e+01 -5.563663e+00 9.746980e+00
    endloop
  endfacet
  facet normal 1.208480e-03 -7.725233e-01 6.349853e-01
    outer loop
      vertex   2.841421e+01 -5.414213e+00 9.914214e+00
      vertex   2.075000e+01 -5.563663e+00 9.746980e+00
      vertex   2.866294e+01 -5.662939e+00 9.611140e+00
    endloop
  endfacet
  facet normal -1.489816e-03 -8.467233e-01 5.320315e-01
    outer loop
      vertex   2.866294e+01 -5.662939e+00 9.611140e+00
      vertex   2.075000e+01 -5.563663e+00 9.746980e+00
      vertex   2.075000e+01 -5.801937e+00 9.367767e+00
    endloop
  endfacet
  facet normal -7.317516e-04 -8.579217e-01 5.137799e-01
    outer loop
      vertex   2.866294e+01 -5.662939e+00 9.611140e+00
      vertex   2.075000e+01 -5.801937e+00 9.367767e+00
      vertex   2.876384e+01 -5.763842e+00 9.442793e+00
    endloop
  endfacet
  facet normal 2.931640e-04 -9.039357e-01 4.276684e-01
    outer loop
      vertex   2.876384e+01 -5.763842e+00 9.442793e+00
      vertex   2.075000e+01 -5.801937e+00 9.367767e+00
      vertex   2.884776e+01 -5.847759e+00 9.265367e+00
    endloop
  endfacet
  facet normal -1.072579e-03 -9.416652e-01 3.365494e-01
    outer loop
      vertex   2.884776e+01 -5.847759e+00 9.265367e+00
      vertex   2.075000e+01 -5.801937e+00 9.367767e+00
      vertex   2.891388e+01 -5.913880e+00 9.080569e+00
    endloop
  endfacet
  facet normal -1.323578e-03 -9.438825e-01 3.302788e-01
    outer loop
      vertex   2.891388e+01 -5.913880e+00 9.080569e+00
      vertex   2.075000e+01 -5.801937e+00 9.367767e+00
      vertex   2.075000e+01 -5.949855e+00 8.945042e+00
    endloop
  endfacet
  facet normal 2.398807e-04 -9.700171e-01 2.430367e-01
    outer loop
      vertex   2.891388e+01 -5.913880e+00 9.080569e+00
      vertex   2.075000e+01 -5.949855e+00 8.945042e+00
      vertex   2.896157e+01 -5.961570e+00 8.890181e+00
    endloop
  endfacet
  facet normal -4.313026e-04 -9.891857e-01 1.466679e-01
    outer loop
      vertex   2.896157e+01 -5.961570e+00 8.890181e+00
      vertex   2.075000e+01 -5.949855e+00 8.945042e+00
      vertex   2.899037e+01 -5.990369e+00 8.696034e+00
    endloop
  endfacet
  facet normal -3.432937e-03 -9.987978e-01 4.889914e-02
    outer loop
      vertex   2.899037e+01 -5.990369e+00 8.696034e+00
      vertex   2.075000e+01 -5.949855e+00 8.945042e+00
      vertex   2.900000e+01 -6.000000e+00 8.500000e+00
    endloop
  endfacet
  facet normal 0.000000e+00 -9.937122e-01 1.119645e-01
    outer loop
      vertex   2.900000e+01 -6.000000e+00 8.500000e+00
      vertex   2.075000e+01 -5.949855e+00 8.945042e+00
      vertex   1.250000e+01 -5.949855e+00 8.945042e+00
    endloop
  endfacet
  facet normal 4.802151e-04 -9.915757e-01 1.295278e-01
    outer loop
      vertex   2.900000e+01 -6.000000e+00 8.500000e+00
      vertex   1.250000e+01 -5.949855e+00 8.945042e+00
      vertex   -3.990369e+00 -5.990369e+00 8.696034e+00
    endloop
  endfacet
  facet normal 0.000000e+00 -9.870214e-01 1.605888e-01
    outer loop
      vertex   -3.990369e+00 -5.990369e+00 8.696034e+00
      vertex   1.250000e+01 -5.949855e+00 8.945042e+00
      vertex   4.250000e+00 -5.949855e+00 8.945042e+00
    endloop
  endfacet
  facet normal 4.313026e-04 -9.891857e-01 1.466679e-01
    outer loop
      vertex   -3.990369e+00 -5.990369e+00 8.696034e+00
      vertex   4.250000e+00 -5.949855e+00 8.945042e+00
      vertex   -3.961570e+00 -5.961570e+00 8.890181e+00
    endloop
  endfacet
  facet normal -2.398807e-04 -9.700171e-01 2.430367e-01
    outer loop
      vertex   -3.961570e+00 -5.961570e+00 8.890181e+00
      vertex   4.250000e+00 -5.949855e+00 8.945042e+00
      vertex   -3.913880e+00 -5.913880e+00 9.080569e+00
    endloop
  endfacet
  facet normal 1.323578e-03 -9.438825e-01 3.302788e-01
    outer loop
      vertex   -3.913880e+00 -5.913880e+00 9.080569e+00
      vertex   4.250000e+00 -5.949855e+00 8.945042e+00
      vertex   4.250000e+00 -5.801937e+00 9.367767e+00
    endloop
  endfacet
  facet normal 1.072579e-03 -9.416652e-01 3.365494e-01
    outer loop
      vertex   -3.913880e+00 -5.913880e+00 9.080569e+00
      vertex   4.250000e+00 -5.801937e+00 9.367767e+00
      vertex   -3.847759e+00 -5.847759e+00 9.265367e+00
    endloop
  endfacet
  facet normal -2.931640e-04 -9.039357e-01 4.276684e-01
    outer loop
      vertex   -3.847759e+00 -5.847759e+00 9.265367e+00
      vertex   4.250000e+00 -5.801937e+00 9.367767e+00
      vertex   -3.763842e+00 -5.763842e+00 9.442793e+00
    endloop
  endfacet
  facet normal 7.317516e-04 -8.579217e-01 5.137799e-01
    outer loop
      vertex   -3.763842e+00 -5.763842e+00 9.442793e+00
      vertex   4.250000e+00 -5.801937e+00 9.367767e+00
      vertex   -3.662939e+00 -5.662939e+00 9.611140e+00
    endloop
  endfacet
  facet normal 1.489816e-03 -8.467233e-01 5.320315e-01
    outer loop
      vertex   -3.662939e+00 -5.662939e+00 9.611140e+00
      vertex   4.250000e+00 -5.801937e+00 9.367767e+00
      vertex   4.250000e+00 -5.563663e+00 9.746980e+00
    endloop
  endfacet
  facet normal -1.208480e-03 -7.725233e-01 6.349853e-01
    outer loop
      vertex   -3.662939e+00 -5.662939e+00 9.611140e+00
      vertex   4.250000e+00 -5.563663e+00 9.746980e+00
      vertex   -3.414213e+00 -5.414213e+00 9.914214e+00
    endloop
  endfacet
  facet normal 1.640816e-03 -7.071058e-01 7.071058e-01
    outer loop
      vertex   -3.414213e+00 -5.414213e+00 9.914214e+00
      vertex   4.250000e+00 -5.563663e+00 9.746980e+00
      vertex   4.250000e+00 -5.246979e+00 1.006366e+01
    endloop
  endfacet
  facet normal -1.259357e-03 -6.336400e-01 7.736271e-01
    outer loop
      vertex   -3.414213e+00 -5.414213e+00 9.914214e+00
      vertex   4.250000e+00 -5.246979e+00 1.006366e+01
      vertex   -3.111140e+00 -5.111140e+00 1.016294e+01
    endloop
  endfacet
  facet normal 1.601493e-03 -5.320314e-01 8.467231e-01
    outer loop
      vertex   -3.111140e+00 -5.111140e+00 1.016294e+01
      vertex   4.250000e+00 -5.246979e+00 1.006366e+01
      vertex   4.250000e+00 -4.867767e+00 1.030194e+01
    endloop
  endfacet
  facet normal -1.104925e-03 -4.705368e-01 8.823797e-01
    outer loop
      vertex   -3.111140e+00 -5.111140e+00 1.016294e+01
      vertex   4.250000e+00 -4.867767e+00 1.030194e+01
      vertex   -2.765367e+00 -4.765366e+00 1.034776e+01
    endloop
  endfacet
  facet normal 1.344078e-03 -3.302788e-01 9.438825e-01
    outer loop
      vertex   -2.765367e+00 -4.765366e+00 1.034776e+01
      vertex   4.250000e+00 -4.867767e+00 1.030194e+01
      vertex   4.250000e+00 -4.445041e+00 1.044986e+01
    endloop
  endfacet
  facet normal -7.044065e-04 -2.896395e-01 9.571356e-01
    outer loop
      vertex   -2.765367e+00 -4.765366e+00 1.034776e+01
      vertex   4.250000e+00 -4.445041e+00 1.044986e+01
      vertex   -2.390180e+00 -4.390180e+00 1.046157e+01
    endloop
  endfacet
  facet normal 9.380678e-04 -9.894611e-02 9.950924e-01
    outer loop
      vertex   -2.390180e+00 -4.390180e+00 1.046157e+01
      vertex   4.250000e+00 -4.445041e+00 1.044986e+01
      vertex   -2.000000e+00 -4.000000e+00 1.050000e+01
    endloop
  endfacet
  facet normal 0.000000e+00 -1.119645e-01 9.937122e-01
    outer loop
      vertex   -2.000000e+00 -4.000000e+00 1.050000e+01
      vertex   4.250000e+00 -4.445041e+00 1.044986e+01
      vertex   1.250000e+01 -4.445041e+00 1.044986e+01
    endloop
  endfacet
  facet normal 0.000000e+00 -1.119645e-01 9.937122e-01
    outer loop
      vertex   -2.000000e+00 -4.000000e+00 1.050000e+01
      vertex   1.250000e+01 -4.445041e+00 1.044986e+01
      vertex   2.075000e+01 -4.445041e+00 1.044986e+01
    endloop
  endfacet
  facet normal 0.000000e+00 -3.302791e-01 9.438833e-01
    outer loop
      vertex   2.075000e+01 -4.445041e+00 1.044986e+01
      vertex   1.250000e+01 -4.445041e+00 1.044986e+01
      vertex   2.075000e+01 -4.867767e+00 1.030194e+01
    endloop
  endfacet
  facet normal 0.000000e+00 -9.987955e-01 4.906767e-02
    outer loop
      vertex   -3.990369e+00 -5.990369e+00 8.696034e+00
      vertex   -4.000000e+00 -6.000000e+00 8.500000e+00
      vertex   2.900000e+01 -6.000000e+00 8.500000e+00
    endloop
  endfacet
  facet normal 0.000000e+00 -3.302791e-01 9.438833e-01
    outer loop
      vertex   1.250000e+01 -4.445041e+00 1.044986e+01
      vertex   4.250000e+00 -4.445041e+00 1.044986e+01
      vertex   1.250000e+01 -4.867767e+00 1.030194e+01
    endloop
  endfacet
  facet normal 0.000000e+00 -3.302791e-01 9.438833e-01
    outer loop
      vertex   1.250000e+01 -4.867767e+00 1.030194e+01
      vertex   4.250000e+00 -4.445041e+00 1.044986e+01
      vertex   4.250000e+00 -4.867767e+00 1.030194e+01
    endloop
  endfacet
  facet normal 0.000000e+00 -5.320321e-01 8.467242e-01
    outer loop
      vertex   1.250000e+01 -4.867767e+00 1.030194e+01
      vertex   4.250000e+00 -4.867767e+00 1.030194e+01
      vertex   1.250000e+01 -5.246979e+00 1.006366e+01
    endloop
  endfacet
  facet normal 0.000000e+00 -5.320321e-01 8.467242e-01
    outer loop
      vertex   1.250000e+01 -5.246979e+00 1.006366e+01
      vertex   4.250000e+00 -4.867767e+00 1.030194e+01
      vertex   4.250000e+00 -5.246979e+00 1.006366e+01
    endloop
  endfacet
  facet normal 0.000000e+00 -7.071068e-01 7.071068e-01
    outer loop
      vertex   1.250000e+01 -5.246979e+00 1.006366e+01
      vertex   4.250000e+00 -5.246979e+00 1.006366e+01
      vertex   1.250000e+01 -5.563663e+00 9.746980e+00
    endloop
  endfacet
  facet normal 0.000000e+00 -7.071068e-01 7.071068e-01
    outer loop
      vertex   1.250000e+01 -5.563663e+00 9.746980e+00
      vertex   4.250000e+00 -5.246979e+00 1.006366e+01
      vertex   4.250000e+00 -5.563663e+00 9.746980e+00
    endloop
  endfacet
  facet normal 0.000000e+00 -8.467242e-01 5.320321e-01
    outer loop
      vertex   1.250000e+01 -5.563663e+00 9.746980e+00
      vertex   4.250000e+00 -5.563663e+00 9.746980e+00
      vertex   1.250000e+01 -5.801937e+00 9.367767e+00
    endloop
  endfacet
  facet normal 0.000000e+00 -8.467242e-01 5.320321e-01
    outer loop
      vertex   1.250000e+01 -5.801937e+00 9.367767e+00
      vertex   4.250000e+00 -5.563663e+00 9.746980e+00
      vertex   4.250000e+00 -5.801937e+00 9.367767e+00
    endloop
  endfacet
  facet normal 0.000000e+00 -9.438833e-01 3.302791e-01
    outer loop
      vertex   1.250000e+01 -5.801937e+00 9.367767e+00
      vertex   4.250000e+00 -5.801937e+00 9.367767e+00
      vertex   1.250000e+01 -5.949855e+00 8.945042e+00
    endloop
  endfacet
  facet normal 0.000000e+00 -9.438833e-01 3.302791e-01
    outer loop
      vertex   1.250000e+01 -5.949855e+00 8.945042e+00
      vertex   4.250000e+00 -5.801937e+00 9.367767e+00
      vertex   4.250000e+00 -5.949855e+00 8.945042e+00
    endloop
  endfacet
  facet normal 0.000000e+00 -5.320321e-01 8.467242e-01
    outer loop
      vertex   2.075000e+01 -5.246979e+00 1.006366e+01
      vertex   2.075000e+01 -4.867767e+00 1.030194e+01
      vertex   1.250000e+01 -4.867767e+00 1.030194e+01
    endloop
  endfacet
  facet normal 0.000000e+00 -3.302791e-01 9.438833e-01
    outer loop
      vertex   1.250000e+01 -4.867767e+00 1.030194e+01
      vertex   2.075000e+01 -4.867767e+00 1.030194e+01
      vertex   1.250000e+01 -4.445041e+00 1.044986e+01
    endloop
  endfacet
  facet normal 0.000000e+00 -5.320321e-01 8.467242e-01
    outer loop
      vertex   2.075000e+01 -5.246979e+00 1.006366e+01
      vertex   1.250000e+01 -4.867767e+00 1.030194e+01
      vertex   1.250000e+01 -5.246979e+00 1.006366e+01
    endloop
  endfacet
  facet normal 0.000000e+00 -7.071068e-01 7.071068e-01
    outer loop
      vertex   2.075000e+01 -5.563663e+00 9.746980e+00
      vertex   2.075000e+01 -5.246979e+00 1.006366e+01
      vertex   1.250000e+01 -5.246979e+00 1.006366e+01
    endloop
  endfacet
  facet normal 0.000000e+00 -7.071068e-01 7.071068e-01
    outer loop
      vertex   2.075000e+01 -5.563663e+00 9.746980e+00
      vertex   1.250000e+01 -5.246979e+00 1.006366e+01
      vertex   1.250000e+01 -5.563663e+00 9.746980e+00
    endloop
  endfacet
  facet normal 0.000000e+00 -8.467242e-01 5.320321e-01
    outer loop
      vertex   2.075000e+01 -5.801937e+00 9.367767e+00
      vertex   2.075000e+01 -5.563663e+00 9.746980e+00
      vertex   1.250000e+01 -5.563663e+00 9.746980e+00
    endloop
  endfacet
  facet normal 0.000000e+00 -8.467242e-01 5.320321e-01
    outer loop
      vertex   2.075000e+01 -5.801937e+00 9.367767e+00
      vertex   1.250000e+01 -5.563663e+00 9.746980e+00
      vertex   1.250000e+01 -5.801937e+00 9.367767e+00
    endloop
  endfacet
  facet normal 0.000000e+00 -9.438833e-01 3.302791e-01
    outer loop
      vertex   2.075000e+01 -5.949855e+00 8.945042e+00
      vertex   2.075000e+01 -5.801937e+00 9.367767e+00
      vertex   1.250000e+01 -5.801937e+00 9.367767e+00
    endloop
  endfacet
  facet normal 0.000000e+00 -9.438833e-01 3.302791e-01
    outer loop
      vertex   2.075000e+01 -5.949855e+00 8.945042e+00
      vertex   1.250000e+01 -5.801937e+00 9.367767e+00
      vertex   1.250000e+01 -5.949855e+00 8.945042e+00
    endloop
  endfacet
  facet normal -9.987955e-01 -1.344104e-17 4.906767e-02
    outer loop
      vertex   -4.000000e+00 6.000000e+01 8.500000e+00
      vertex   -4.000000e+00 -6.000000e+00 8.500000e+00
      vertex   -3.990369e+00 5.999037e+01 8.696034e+00
    endloop
  endfacet
  facet normal -9.911343e-01 -2.500470e-04 1.328638e-01
    outer loop
      vertex   -3.990369e+00 5.999037e+01 8.696034e+00
      vertex   -4.000000e+00 -6.000000e+00 8.500000e+00
      vertex   -3.949856e+00 3.171429e+01 8.945042e+00
    endloop
  endfacet
  facet normal -9.870214e-01 0.000000e+00 1.605888e-01
    outer loop
      vertex   -3.990369e+00 5.999037e+01 8.696034e+00
      vertex   -3.949856e+00 3.171429e+01 8.945042e+00
      vertex   -3.949856e+00 4.114286e+01 8.945042e+00
    endloop
  endfacet
  facet normal -9.438833e-01 0.000000e+00 3.302791e-01
    outer loop
      vertex   -3.949856e+00 4.114286e+01 8.945042e+00
      vertex   -3.949856e+00 3.171429e+01 8.945042e+00
      vertex   -3.801938e+00 4.114286e+01 9.367767e+00
    endloop
  endfacet
  facet normal -9.438833e-01 0.000000e+00 3.302791e-01
    outer loop
      vertex   -3.949856e+00 4.114286e+01 8.945042e+00
      vertex   -3.801938e+00 4.114286e+01 9.367767e+00
      vertex   -3.801938e+00 5.057143e+01 9.367767e+00
    endloop
  endfacet
  facet normal -8.467242e-01 0.000000e+00 5.320321e-01
    outer loop
      vertex   -3.801938e+00 5.057143e+01 9.367767e+00
      vertex   -3.801938e+00 4.114286e+01 9.367767e+00
      vertex   -3.563663e+00 5.057143e+01 9.746980e+00
    endloop
  endfacet
  facet normal -8.467235e-01 -1.296685e-03 5.320316e-01
    outer loop
      vertex   -3.801938e+00 5.057143e+01 9.367767e+00
      vertex   -3.563663e+00 5.057143e+01 9.746980e+00
      vertex   -3.662939e+00 5.966294e+01 9.611140e+00
    endloop
  endfacet
  facet normal -7.725873e-01 1.049961e-03 6.349077e-01
    outer loop
      vertex   -3.662939e+00 5.966294e+01 9.611140e+00
      vertex   -3.563663e+00 5.057143e+01 9.746980e+00
      vertex   -3.414213e+00 5.941421e+01 9.914214e+00
    endloop
  endfacet
  facet normal -7.071061e-01 -1.422127e-03 7.071061e-01
    outer loop
      vertex   -3.414213e+00 5.941421e+01 9.914214e+00
      vertex   -3.563663e+00 5.057143e+01 9.746980e+00
      vertex   -3.246979e+00 5.057143e+01 1.006366e+01
    endloop
  endfacet
  facet normal -6.337425e-01 1.088156e-03 7.735433e-01
    outer loop
      vertex   -3.414213e+00 5.941421e+01 9.914214e+00
      vertex   -3.246979e+00 5.057143e+01 1.006366e+01
      vertex   -3.111140e+00 5.911114e+01 1.016294e+01
    endloop
  endfacet
  facet normal -5.320316e-01 -1.380471e-03 8.467234e-01
    outer loop
      vertex   -3.111140e+00 5.911114e+01 1.016294e+01
      vertex   -3.246979e+00 5.057143e+01 1.006366e+01
      vertex   -2.867767e+00 5.057143e+01 1.030194e+01
    endloop
  endfacet
  facet normal -4.706591e-01 9.478900e-04 8.823146e-01
    outer loop
      vertex   -3.111140e+00 5.911114e+01 1.016294e+01
      vertex   -2.867767e+00 5.057143e+01 1.030194e+01
      vertex   -2.765367e+00 5.876537e+01 1.034776e+01
    endloop
  endfacet
  facet normal -3.302788e-01 -1.150754e-03 9.438827e-01
    outer loop
      vertex   -2.765367e+00 5.876537e+01 1.034776e+01
      vertex   -2.867767e+00 5.057143e+01 1.030194e+01
      vertex   -2.445042e+00 5.057143e+01 1.044986e+01
    endloop
  endfacet
  facet normal -2.897361e-01 5.989483e-04 9.571064e-01
    outer loop
      vertex   -2.765367e+00 5.876537e+01 1.034776e+01
      vertex   -2.445042e+00 5.057143e+01 1.044986e+01
      vertex   -2.390180e+00 5.839018e+01 1.046157e+01
    endloop
  endfacet
  facet normal -9.880708e-02 -7.976632e-04 9.951063e-01
    outer loop
      vertex   -2.390180e+00 5.839018e+01 1.046157e+01
      vertex   -2.445042e+00 5.057143e+01 1.044986e+01
      vertex   -2.000000e+00 5.800000e+01 1.050000e+01
    endloop
  endfacet
  facet normal -1.119645e-01 0.000000e+00 9.937122e-01
    outer loop
      vertex   -2.000000e+00 5.800000e+01 1.050000e+01
      vertex   -2.445042e+00 5.057143e+01 1.044986e+01
      vertex   -2.445042e+00 4.114286e+01 1.044986e+01
    endloop
  endfacet
  facet normal -1.119645e-01 0.000000e+00 9.937122e-01
    outer loop
      vertex   -2.000000e+00 5.800000e+01 1.050000e+01
      vertex   -2.445042e+00 4.114286e+01 1.044986e+01
      vertex   -2.445042e+00 3.171429e+01 1.044986e+01
    endloop
  endfacet
  facet normal -3.302791e-01 0.000000e+00 9.438833e-01
    outer loop
      vertex   -2.445042e+00 3.171429e+01 1.044986e+01
      vertex   -2.445042e+00 4.114286e+01 1.044986e+01
      vertex   -2.867767e+00 3.171429e+01 1.030194e+01
    endloop
  endfacet
  facet normal -3.302791e-01 0.000000e+00 9.438833e-01
    outer loop
      vertex   -2.445042e+00 3.171429e+01 1.044986e+01
      vertex   -2.867767e+00 3.171429e+01 1.030194e+01
      vertex   -2.867767e+00 2.228571e+01 1.030194e+01
    endloop
  endfacet
  facet normal -5.320321e-01 0.000000e+00 8.467242e-01
    outer loop
      vertex   -2.867767e+00 2.228571e+01 1.030194e+01
      vertex   -2.867767e+00 3.171429e+01 1.030194e+01
      vertex   -3.246979e+00 2.228571e+01 1.006366e+01
    endloop
  endfacet
  facet normal -5.320321e-01 0.000000e+00 8.467242e-01
    outer loop
      vertex   -2.867767e+00 2.228571e+01 1.030194e+01
      vertex   -3.246979e+00 2.228571e+01 1.006366e+01
      vertex   -3.246979e+00 1.285714e+01 1.006366e+01
    endloop
  endfacet
  facet normal -7.071068e-01 0.000000e+00 7.071068e-01
    outer loop
      vertex   -3.246979e+00 1.285714e+01 1.006366e+01
      vertex   -3.246979e+00 2.228571e+01 1.006366e+01
      vertex   -3.563663e+00 1.285714e+01 9.746980e+00
    endloop
  endfacet
  facet normal -7.071068e-01 0.000000e+00 7.071068e-01
    outer loop
      vertex   -3.246979e+00 1.285714e+01 1.006366e+01
      vertex   -3.563663e+00 1.285714e+01 9.746980e+00
      vertex   -3.563663e+00 3.428572e+00 9.746980e+00
    endloop
  endfacet
  facet normal -8.467242e-01 0.000000e+00 5.320321e-01
    outer loop
      vertex   -3.563663e+00 3.428572e+00 9.746980e+00
      vertex   -3.563663e+00 1.285714e+01 9.746980e+00
      vertex   -3.801938e+00 3.428572e+00 9.367767e+00
    endloop
  endfacet
  facet normal -8.467235e-01 1.296685e-03 5.320316e-01
    outer loop
      vertex   -3.563663e+00 3.428572e+00 9.746980e+00
      vertex   -3.801938e+00 3.428572e+00 9.367767e+00
      vertex   -3.662939e+00 -5.662939e+00 9.611140e+00
    endloop
  endfacet
  facet normal -8.578971e-01 6.383712e-04 5.138211e-01
    outer loop
      vertex   -3.662939e+00 -5.662939e+00 9.611140e+00
      vertex   -3.801938e+00 3.428572e+00 9.367767e+00
      vertex   -3.763842e+00 -5.763842e+00 9.442793e+00
    endloop
  endfacet
  facet normal -9.039425e-01 -2.557235e-04 4.276539e-01
    outer loop
      vertex   -3.763842e+00 -5.763842e+00 9.442793e+00
      vertex   -3.801938e+00 3.428572e+00 9.367767e+00
      vertex   -3.847759e+00 -5.847759e+00 9.265367e+00
    endloop
  endfacet
  facet normal -9.416498e-01 9.357503e-04 3.365929e-01
    outer loop
      vertex   -3.847759e+00 -5.847759e+00 9.265367e+00
      vertex   -3.801938e+00 3.428572e+00 9.367767e+00
      vertex   -3.913880e+00 -5.913880e+00 9.080569e+00
    endloop
  endfacet
  facet normal -9.438827e-01 1.156606e-03 3.302788e-01
    outer loop
      vertex   -3.913880e+00 -5.913880e+00 9.080569e+00
      vertex   -3.801938e+00 3.428572e+00 9.367767e+00
      vertex   -3.949856e+00 3.428572e+00 8.945042e+00
    endloop
  endfacet
  facet normal -9.700188e-01 -2.097292e-04 2.430296e-01
    outer loop
      vertex   -3.913880e+00 -5.913880e+00 9.080569e+00
      vertex   -3.949856e+00 3.428572e+00 8.945042e+00
      vertex   -3.961570e+00 -5.961570e+00 8.890181e+00
    endloop
  endfacet
  facet normal -9.891846e-01 3.771217e-04 1.466757e-01
    outer loop
      vertex   -3.961570e+00 -5.961570e+00 8.890181e+00
      vertex   -3.949856e+00 3.428572e+00 8.945042e+00
      vertex   -3.990369e+00 -5.990369e+00 8.696034e+00
    endloop
  endfacet
  facet normal -9.987982e-01 3.002823e-03 4.892029e-02
    outer loop
      vertex   -3.990369e+00 -5.990369e+00 8.696034e+00
      vertex   -3.949856e+00 3.428572e+00 8.945042e+00
      vertex   -4.000000e+00 -6.000000e+00 8.500000e+00
    endloop
  endfacet
  facet normal -9.937122e-01 0.000000e+00 1.119645e-01
    outer loop
      vertex   -4.000000e+00 -6.000000e+00 8.500000e+00
      vertex   -3.949856e+00 3.428572e+00 8.945042e+00
      vertex   -3.949856e+00 1.285714e+01 8.945042e+00
    endloop
  endfacet
  facet normal -9.937122e-01 0.000000e+00 1.119645e-01
    outer loop
      vertex   -4.000000e+00 -6.000000e+00 8.500000e+00
      vertex   -3.949856e+00 1.285714e+01 8.945042e+00
      vertex   -3.949856e+00 2.228571e+01 8.945042e+00
    endloop
  endfacet
  facet normal -9.438833e-01 0.000000e+00 3.302791e-01
    outer loop
      vertex   -3.949856e+00 2.228571e+01 8.945042e+00
      vertex   -3.949856e+00 1.285714e+01 8.945042e+00
      vertex   -3.801938e+00 2.228571e+01 9.367767e+00
    endloop
  endfacet
  facet normal -9.438833e-01 0.000000e+00 3.302791e-01
    outer loop
      vertex   -3.949856e+00 2.228571e+01 8.945042e+00
      vertex   -3.801938e+00 2.228571e+01 9.367767e+00
      vertex   -3.801938e+00 3.171429e+01 9.367767e+00
    endloop
  endfacet
  facet normal -8.467242e-01 0.000000e+00 5.320321e-01
    outer loop
      vertex   -3.801938e+00 3.171429e+01 9.367767e+00
      vertex   -3.801938e+00 2.228571e+01 9.367767e+00
      vertex   -3.563663e+00 3.171429e+01 9.746980e+00
    endloop
  endfacet
  facet normal -8.467242e-01 0.000000e+00 5.320321e-01
    outer loop
      vertex   -3.801938e+00 3.171429e+01 9.367767e+00
      vertex   -3.563663e+00 3.171429e+01 9.746980e+00
      vertex   -3.563663e+00 4.114286e+01 9.746980e+00
    endloop
  endfacet
  facet normal -7.071068e-01 0.000000e+00 7.071068e-01
    outer loop
      vertex   -3.563663e+00 4.114286e+01 9.746980e+00
      vertex   -3.563663e+00 3.171429e+01 9.746980e+00
      vertex   -3.246979e+00 4.114286e+01 1.006366e+01
    endloop
  endfacet
  facet normal -7.071068e-01 0.000000e+00 7.071068e-01
    outer loop
      vertex   -3.563663e+00 4.114286e+01 9.746980e+00
      vertex   -3.246979e+00 4.114286e+01 1.006366e+01
      vertex   -3.246979e+00 5.057143e+01 1.006366e+01
    endloop
  endfacet
  facet normal -5.320321e-01 0.000000e+00 8.467242e-01
    outer loop
      vertex   -3.246979e+00 5.057143e+01 1.006366e+01
      vertex   -3.246979e+00 4.114286e+01 1.006366e+01
      vertex   -2.867767e+00 5.057143e+01 1.030194e+01
    endloop
  endfacet
  facet normal -7.725873e-01 -1.049961e-03 6.349077e-01
    outer loop
      vertex   -3.662939e+00 -5.662939e+00 9.611140e+00
      vertex   -3.414213e+00 -5.414213e+00 9.914214e+00
      vertex   -3.563663e+00 3.428572e+00 9.746980e+00
    endloop
  endfacet
  facet normal -7.071061e-01 1.422127e-03 7.071061e-01
    outer loop
      vertex   -3.563663e+00 3.428572e+00 9.746980e+00
      vertex   -3.414213e+00 -5.414213e+00 9.914214e+00
      vertex   -3.246979e+00 3.428572e+00 1.006366e+01
    endloop
  endfacet
  facet normal -7.071068e-01 0.000000e+00 7.071068e-01
    outer loop
      vertex   -3.563663e+00 3.428572e+00 9.746980e+00
      vertex   -3.246979e+00 3.428572e+00 1.006366e+01
      vertex   -3.246979e+00 1.285714e+01 1.006366e+01
    endloop
  endfacet
  facet normal -5.320321e-01 0.000000e+00 8.467242e-01
    outer loop
      vertex   -3.246979e+00 1.285714e+01 1.006366e+01
      vertex   -3.246979e+00 3.428572e+00 1.006366e+01
      vertex   -2.867767e+00 1.285714e+01 1.030194e+01
    endloop
  endfacet
  facet normal -5.320321e-01 0.000000e+00 8.467242e-01
    outer loop
      vertex   -3.246979e+00 1.285714e+01 1.006366e+01
      vertex   -2.867767e+00 1.285714e+01 1.030194e+01
      vertex   -2.867767e+00 2.228571e+01 1.030194e+01
    endloop
  endfacet
  facet normal -3.302791e-01 0.000000e+00 9.438833e-01
    outer loop
      vertex   -2.867767e+00 2.228571e+01 1.030194e+01
      vertex   -2.867767e+00 1.285714e+01 1.030194e+01
      vertex   -2.445042e+00 2.228571e+01 1.044986e+01
    endloop
  endfacet
  facet normal -3.302791e-01 0.000000e+00 9.438833e-01
    outer loop
      vertex   -2.867767e+00 2.228571e+01 1.030194e+01
      vertex   -2.445042e+00 2.228571e+01 1.044986e+01
      vertex   -2.445042e+00 3.171429e+01 1.044986e+01
    endloop
  endfacet
  facet normal -1.119645e-01 0.000000e+00 9.937122e-01
    outer loop
      vertex   -2.445042e+00 3.171429e+01 1.044986e+01
      vertex   -2.445042e+00 2.228571e+01 1.044986e+01
      vertex   -2.000000e+00 5.800000e+01 1.050000e+01
    endloop
  endfacet
  facet normal -6.337425e-01 -1.088156e-03 7.735433e-01
    outer loop
      vertex   -3.414213e+00 -5.414213e+00 9.914214e+00
      vertex   -3.111140e+00 -5.111140e+00 1.016294e+01
      vertex   -3.246979e+00 3.428572e+00 1.006366e+01
    endloop
  endfacet
  facet normal -5.320316e-01 1.380471e-03 8.467234e-01
    outer loop
      vertex   -3.246979e+00 3.428572e+00 1.006366e+01
      vertex   -3.111140e+00 -5.111140e+00 1.016294e+01
      vertex   -2.867767e+00 3.428572e+00 1.030194e+01
    endloop
  endfacet
  facet normal -5.320321e-01 0.000000e+00 8.467242e-01
    outer loop
      vertex   -3.246979e+00 3.428572e+00 1.006366e+01
      vertex   -2.867767e+00 3.428572e+00 1.030194e+01
      vertex   -2.867767e+00 1.285714e+01 1.030194e+01
    endloop
  endfacet
  facet normal -3.302791e-01 0.000000e+00 9.438833e-01
    outer loop
      vertex   -2.867767e+00 1.285714e+01 1.030194e+01
      vertex   -2.867767e+00 3.428572e+00 1.030194e+01
      vertex   -2.445042e+00 1.285714e+01 1.044986e+01
    endloop
  endfacet
  facet normal -3.302791e-01 0.000000e+00 9.438833e-01
    outer loop
      vertex   -2.867767e+00 1.285714e+01 1.030194e+01
      vertex   -2.445042e+00 1.285714e+01 1.044986e+01
      vertex   -2.445042e+00 2.228571e+01 1.044986e+01
    endloop
  endfacet
  facet normal -1.119645e-01 0.000000e+00 9.937122e-01
    outer loop
      vertex   -2.445042e+00 2.228571e+01 1.044986e+01
      vertex   -2.445042e+00 1.285714e+01 1.044986e+01
      vertex   -2.000000e+00 5.800000e+01 1.050000e+01
    endloop
  endfacet
  facet normal -4.706591e-01 -9.478900e-04 8.823146e-01
    outer loop
      vertex   -3.111140e+00 -5.111140e+00 1.016294e+01
      vertex   -2.765367e+00 -4.765366e+00 1.034776e+01
      vertex   -2.867767e+00 3.428572e+00 1.030194e+01
    endloop
  endfacet
  facet normal -3.302788e-01 1.150754e-03 9.438827e-01
    outer loop
      vertex   -2.867767e+00 3.428572e+00 1.030194e+01
      vertex   -2.765367e+00 -4.765366e+00 1.034776e+01
      vertex   -2.445042e+00 3.428572e+00 1.044986e+01
    endloop
  endfacet
  facet normal -3.302791e-01 0.000000e+00 9.438833e-01
    outer loop
      vertex   -2.867767e+00 3.428572e+00 1.030194e+01
      vertex   -2.445042e+00 3.428572e+00 1.044986e+01
      vertex   -2.445042e+00 1.285714e+01 1.044986e+01
    endloop
  endfacet
  facet normal -2.088262e-01 0.000000e+00 9.779528e-01
    outer loop
      vertex   -2.445042e+00 1.285714e+01 1.044986e+01
      vertex   -2.445042e+00 3.428572e+00 1.044986e+01
      vertex   -2.390180e+00 -4.390180e+00 1.046157e+01
    endloop
  endfacet
  facet normal -1.360017e-01 2.403080e-04 9.907086e-01
    outer loop
      vertex   -2.445042e+00 1.285714e+01 1.044986e+01
      vertex   -2.390180e+00 -4.390180e+00 1.046157e+01
      vertex   -2.000000e+00 5.800000e+01 1.050000e+01
    endloop
  endfacet
  facet normal -9.801714e-02 3.510351e-18 9.951847e-01
    outer loop
      vertex   -2.000000e+00 5.800000e+01 1.050000e+01
      vertex   -2.390180e+00 -4.390180e+00 1.046157e+01
      vertex   -2.000000e+00 -4.000000e+00 1.050000e+01
    endloop
  endfacet
  facet normal -2.897361e-01 -5.989483e-04 9.571064e-01
    outer loop
      vertex   -2.765367e+00 -4.765366e+00 1.034776e+01
      vertex   -2.390180e+00 -4.390180e+00 1.046157e+01
      vertex   -2.445042e+00 3.428572e+00 1.044986e+01
    endloop
  endfacet
  facet normal -8.578971e-01 -6.383712e-04 5.138211e-01
    outer loop
      vertex   -3.662939e+00 5.966294e+01 9.611140e+00
      vertex   -3.763842e+00 5.976384e+01 9.442793e+00
      vertex   -3.801938e+00 5.057143e+01 9.367767e+00
    endloop
  endfacet
  facet normal -9.039425e-01 2.557235e-04 4.276539e-01
    outer loop
      vertex   -3.801938e+00 5.057143e+01 9.367767e+00
      vertex   -3.763842e+00 5.976384e+01 9.442793e+00
      vertex   -3.847759e+00 5.984776e+01 9.265367e+00
    endloop
  endfacet
  facet normal -9.416498e-01 -9.357503e-04 3.365929e-01
    outer loop
      vertex   -3.801938e+00 5.057143e+01 9.367767e+00
      vertex   -3.847759e+00 5.984776e+01 9.265367e+00
      vertex   -3.913880e+00 5.991388e+01 9.080569e+00
    endloop
  endfacet
  facet normal -9.438827e-01 -1.156606e-03 3.302788e-01
    outer loop
      vertex   -3.801938e+00 5.057143e+01 9.367767e+00
      vertex   -3.913880e+00 5.991388e+01 9.080569e+00
      vertex   -3.949856e+00 5.057143e+01 8.945042e+00
    endloop
  endfacet
  facet normal -9.700188e-01 2.097292e-04 2.430296e-01
    outer loop
      vertex   -3.949856e+00 5.057143e+01 8.945042e+00
      vertex   -3.913880e+00 5.991388e+01 9.080569e+00
      vertex   -3.961570e+00 5.996157e+01 8.890181e+00
    endloop
  endfacet
  facet normal -9.891846e-01 -3.771217e-04 1.466757e-01
    outer loop
      vertex   -3.949856e+00 5.057143e+01 8.945042e+00
      vertex   -3.961570e+00 5.996157e+01 8.890181e+00
      vertex   -3.990369e+00 5.999037e+01 8.696034e+00
    endloop
  endfacet
  facet normal -9.937122e-01 0.000000e+00 1.119645e-01
    outer loop
      vertex   -3.949856e+00 3.171429e+01 8.945042e+00
      vertex   -4.000000e+00 -6.000000e+00 8.500000e+00
      vertex   -3.949856e+00 2.228571e+01 8.945042e+00
    endloop
  endfacet
  facet normal -9.438833e-01 0.000000e+00 3.302791e-01
    outer loop
      vertex   -3.949856e+00 1.285714e+01 8.945042e+00
      vertex   -3.949856e+00 3.428572e+00 8.945042e+00
      vertex   -3.801938e+00 1.285714e+01 9.367767e+00
    endloop
  endfacet
  facet normal -9.438833e-01 0.000000e+00 3.302791e-01
    outer loop
      vertex   -3.801938e+00 1.285714e+01 9.367767e+00
      vertex   -3.949856e+00 3.428572e+00 8.945042e+00
      vertex   -3.801938e+00 3.428572e+00 9.367767e+00
    endloop
  endfacet
  facet normal -8.467242e-01 0.000000e+00 5.320321e-01
    outer loop
      vertex   -3.801938e+00 1.285714e+01 9.367767e+00
      vertex   -3.801938e+00 3.428572e+00 9.367767e+00
      vertex   -3.563663e+00 1.285714e+01 9.746980e+00
    endloop
  endfacet
  facet normal -9.870214e-01 0.000000e+00 1.605888e-01
    outer loop
      vertex   -3.949856e+00 5.057143e+01 8.945042e+00
      vertex   -3.990369e+00 5.999037e+01 8.696034e+00
      vertex   -3.949856e+00 4.114286e+01 8.945042e+00
    endloop
  endfacet
  facet normal -9.438833e-01 0.000000e+00 3.302791e-01
    outer loop
      vertex   -3.801938e+00 4.114286e+01 9.367767e+00
      vertex   -3.949856e+00 3.171429e+01 8.945042e+00
      vertex   -3.801938e+00 3.171429e+01 9.367767e+00
    endloop
  endfacet
  facet normal -9.438833e-01 0.000000e+00 3.302791e-01
    outer loop
      vertex   -3.801938e+00 3.171429e+01 9.367767e+00
      vertex   -3.949856e+00 3.171429e+01 8.945042e+00
      vertex   -3.949856e+00 2.228571e+01 8.945042e+00
    endloop
  endfacet
  facet normal -9.438833e-01 0.000000e+00 3.302791e-01
    outer loop
      vertex   -3.801938e+00 5.057143e+01 9.367767e+00
      vertex   -3.949856e+00 5.057143e+01 8.945042e+00
      vertex   -3.949856e+00 4.114286e+01 8.945042e+00
    endloop
  endfacet
  facet normal -9.438833e-01 0.000000e+00 3.302791e-01
    outer loop
      vertex   -3.949856e+00 1.285714e+01 8.945042e+00
      vertex   -3.801938e+00 1.285714e+01 9.367767e+00
      vertex   -3.801938e+00 2.228571e+01 9.367767e+00
    endloop
  endfacet
  facet normal -8.467242e-01 0.000000e+00 5.320321e-01
    outer loop
      vertex   -3.801938e+00 2.228571e+01 9.367767e+00
      vertex   -3.801938e+00 1.285714e+01 9.367767e+00
      vertex   -3.563663e+00 2.228571e+01 9.746980e+00
    endloop
  endfacet
  facet normal -8.467242e-01 0.000000e+00 5.320321e-01
    outer loop
      vertex   -3.801938e+00 2.228571e+01 9.367767e+00
      vertex   -3.563663e+00 2.228571e+01 9.746980e+00
      vertex   -3.563663e+00 3.171429e+01 9.746980e+00
    endloop
  endfacet
  facet normal -7.071068e-01 0.000000e+00 7.071068e-01
    outer loop
      vertex   -3.563663e+00 3.171429e+01 9.746980e+00
      vertex   -3.563663e+00 2.228571e+01 9.746980e+00
      vertex   -3.246979e+00 3.171429e+01 1.006366e+01
    endloop
  endfacet
  facet normal -7.071068e-01 0.000000e+00 7.071068e-01
    outer loop
      vertex   -3.563663e+00 3.171429e+01 9.746980e+00
      vertex   -3.246979e+00 3.171429e+01 1.006366e+01
      vertex   -3.246979e+00 4.114286e+01 1.006366e+01
    endloop
  endfacet
  facet normal -5.320321e-01 0.000000e+00 8.467242e-01
    outer loop
      vertex   -3.246979e+00 4.114286e+01 1.006366e+01
      vertex   -3.246979e+00 3.171429e+01 1.006366e+01
      vertex   -2.867767e+00 4.114286e+01 1.030194e+01
    endloop
  endfacet
  facet normal -5.320321e-01 0.000000e+00 8.467242e-01
    outer loop
      vertex   -3.246979e+00 4.114286e+01 1.006366e+01
      vertex   -2.867767e+00 4.114286e+01 1.030194e+01
      vertex   -2.867767e+00 5.057143e+01 1.030194e+01
    endloop
  endfacet
  facet normal -3.302791e-01 0.000000e+00 9.438833e-01
    outer loop
      vertex   -2.867767e+00 5.057143e+01 1.030194e+01
      vertex   -2.867767e+00 4.114286e+01 1.030194e+01
      vertex   -2.445042e+00 5.057143e+01 1.044986e+01
    endloop
  endfacet
  facet normal -8.467242e-01 0.000000e+00 5.320321e-01
    outer loop
      vertex   -3.563663e+00 2.228571e+01 9.746980e+00
      vertex   -3.801938e+00 1.285714e+01 9.367767e+00
      vertex   -3.563663e+00 1.285714e+01 9.746980e+00
    endloop
  endfacet
  facet normal -8.467242e-01 0.000000e+00 5.320321e-01
    outer loop
      vertex   -3.563663e+00 5.057143e+01 9.746980e+00
      vertex   -3.801938e+00 4.114286e+01 9.367767e+00
      vertex   -3.563663e+00 4.114286e+01 9.746980e+00
    endloop
  endfacet
  facet normal -8.467242e-01 0.000000e+00 5.320321e-01
    outer loop
      vertex   -3.563663e+00 4.114286e+01 9.746980e+00
      vertex   -3.801938e+00 4.114286e+01 9.367767e+00
      vertex   -3.801938e+00 3.171429e+01 9.367767e+00
    endloop
  endfacet
  facet normal -7.071068e-01 0.000000e+00 7.071068e-01
    outer loop
      vertex   -3.246979e+00 3.171429e+01 1.006366e+01
      vertex   -3.563663e+00 2.228571e+01 9.746980e+00
      vertex   -3.246979e+00 2.228571e+01 1.006366e+01
    endloop
  endfacet
  facet normal -7.071068e-01 0.000000e+00 7.071068e-01
    outer loop
      vertex   -3.246979e+00 2.228571e+01 1.006366e+01
      vertex   -3.563663e+00 2.228571e+01 9.746980e+00
      vertex   -3.563663e+00 1.285714e+01 9.746980e+00
    endloop
  endfacet
  facet normal -7.071068e-01 0.000000e+00 7.071068e-01
    outer loop
      vertex   -3.246979e+00 5.057143e+01 1.006366e+01
      vertex   -3.563663e+00 5.057143e+01 9.746980e+00
      vertex   -3.563663e+00 4.114286e+01 9.746980e+00
    endloop
  endfacet
  facet normal -5.320321e-01 0.000000e+00 8.467242e-01
    outer loop
      vertex   -2.867767e+00 4.114286e+01 1.030194e+01
      vertex   -3.246979e+00 3.171429e+01 1.006366e+01
      vertex   -2.867767e+00 3.171429e+01 1.030194e+01
    endloop
  endfacet
  facet normal -5.320321e-01 0.000000e+00 8.467242e-01
    outer loop
      vertex   -2.867767e+00 3.171429e+01 1.030194e+01
      vertex   -3.246979e+00 3.171429e+01 1.006366e+01
      vertex   -3.246979e+00 2.228571e+01 1.006366e+01
    endloop
  endfacet
  facet normal -3.302791e-01 0.000000e+00 9.438833e-01
    outer loop
      vertex   -2.445042e+00 5.057143e+01 1.044986e+01
      vertex   -2.867767e+00 4.114286e+01 1.030194e+01
      vertex   -2.445042e+00 4.114286e+01 1.044986e+01
    endloop
  endfacet
  facet normal -3.302791e-01 0.000000e+00 9.438833e-01
    outer loop
      vertex   -2.445042e+00 4.114286e+01 1.044986e+01
      vertex   -2.867767e+00 4.114286e+01 1.030194e+01
      vertex   -2.867767e+00 3.171429e+01 1.030194e+01
    endloop
  endfacet
  facet normal 0.000000e+00 9.987955e-01 4.906767e-02
    outer loop
      vertex   2.900000e+01 6.000000e+01 8.500000e+00
      vertex   -4.000000e+00 6.000000e+01 8.500000e+00
      vertex   2.899037e+01 5.999037e+01 8.696034e+00
    endloop
  endfacet
  facet normal -4.802151e-04 9.915757e-01 1.295278e-01
    outer loop
      vertex   2.899037e+01 5.999037e+01 8.696034e+00
      vertex   -4.000000e+00 6.000000e+01 8.500000e+00
      vertex   1.250000e+01 5.994986e+01 8.945042e+00
    endloop
  endfacet
  facet normal 0.000000e+00 9.870214e-01 1.605888e-01
    outer loop
      vertex   2.899037e+01 5.999037e+01 8.696034e+00
      vertex   1.250000e+01 5.994986e+01 8.945042e+00
      vertex   2.075000e+01 5.994986e+01 8.945042e+00
    endloop
  endfacet
  facet normal 0.000000e+00 9.438833e-01 3.302791e-01
    outer loop
      vertex   2.075000e+01 5.994986e+01 8.945042e+00
      vertex   1.250000e+01 5.994986e+01 8.945042e+00
      vertex   2.075000e+01 5.980194e+01 9.367767e+00
    endloop
  endfacet
  facet normal -1.323578e-03 9.438825e-01 3.302788e-01
    outer loop
      vertex   2.075000e+01 5.994986e+01 8.945042e+00
      vertex   2.075000e+01 5.980194e+01 9.367767e+00
      vertex   2.891388e+01 5.991388e+01 9.080569e+00
    endloop
  endfacet
  facet normal -1.072579e-03 9.416652e-01 3.365494e-01
    outer loop
      vertex   2.891388e+01 5.991388e+01 9.080569e+00
      vertex   2.075000e+01 5.980194e+01 9.367767e+00
      vertex   2.884776e+01 5.984776e+01 9.265367e+00
    endloop
  endfacet
  facet normal 2.931640e-04 9.039357e-01 4.276684e-01
    outer loop
      vertex   2.884776e+01 5.984776e+01 9.265367e+00
      vertex   2.075000e+01 5.980194e+01 9.367767e+00
      vertex   2.876384e+01 5.976384e+01 9.442793e+00
    endloop
  endfacet
  facet normal -7.317516e-04 8.579217e-01 5.137799e-01
    outer loop
      vertex   2.876384e+01 5.976384e+01 9.442793e+00
      vertex   2.075000e+01 5.980194e+01 9.367767e+00
      vertex   2.866294e+01 5.966294e+01 9.611140e+00
    endloop
  endfacet
  facet normal -1.489816e-03 8.467233e-01 5.320315e-01
    outer loop
      vertex   2.866294e+01 5.966294e+01 9.611140e+00
      vertex   2.075000e+01 5.980194e+01 9.367767e+00
      vertex   2.075000e+01 5.956366e+01 9.746980e+00
    endloop
  endfacet
  facet normal 1.208480e-03 7.725233e-01 6.349853e-01
    outer loop
      vertex   2.866294e+01 5.966294e+01 9.611140e+00
      vertex   2.075000e+01 5.956366e+01 9.746980e+00
      vertex   2.841421e+01 5.941421e+01 9.914214e+00
    endloop
  endfacet
  facet normal -1.640816e-03 7.071058e-01 7.071058e-01
    outer loop
      vertex   2.841421e+01 5.941421e+01 9.914214e+00
      vertex   2.075000e+01 5.956366e+01 9.746980e+00
      vertex   2.075000e+01 5.924698e+01 1.006366e+01
    endloop
  endfacet
  facet normal 1.259357e-03 6.336400e-01 7.736271e-01
    outer loop
      vertex   2.841421e+01 5.941421e+01 9.914214e+00
      vertex   2.075000e+01 5.924698e+01 1.006366e+01
      vertex   2.811114e+01 5.911114e+01 1.016294e+01
    endloop
  endfacet
  facet normal -1.601493e-03 5.320314e-01 8.467231e-01
    outer loop
      vertex   2.811114e+01 5.911114e+01 1.016294e+01
      vertex   2.075000e+01 5.924698e+01 1.006366e+01
      vertex   2.075000e+01 5.886777e+01 1.030194e+01
    endloop
  endfacet
  facet normal 1.104925e-03 4.705368e-01 8.823797e-01
    outer loop
      vertex   2.811114e+01 5.911114e+01 1.016294e+01
      vertex   2.075000e+01 5.886777e+01 1.030194e+01
      vertex   2.776537e+01 5.876537e+01 1.034776e+01
    endloop
  endfacet
  facet normal -1.344078e-03 3.302788e-01 9.438825e-01
    outer loop
      vertex   2.776537e+01 5.876537e+01 1.034776e+01
      vertex   2.075000e+01 5.886777e+01 1.030194e+01
      vertex   2.075000e+01 5.844504e+01 1.044986e+01
    endloop
  endfacet
  facet normal 7.044065e-04 2.896395e-01 9.571356e-01
    outer loop
      vertex   2.776537e+01 5.876537e+01 1.034776e+01
      vertex   2.075000e+01 5.844504e+01 1.044986e+01
      vertex   2.739018e+01 5.839018e+01 1.046157e+01
    endloop
  endfacet
  facet normal -9.380678e-04 9.894611e-02 9.950924e-01
    outer loop
      vertex   2.739018e+01 5.839018e+01 1.046157e+01
      vertex   2.075000e+01 5.844504e+01 1.044986e+01
      vertex   2.700000e+01 5.800000e+01 1.050000e+01
    endloop
  endfacet
  facet normal 0.000000e+00 1.119645e-01 9.937122e-01
    outer loop
      vertex   2.700000e+01 5.800000e+01 1.050000e+01
      vertex   2.075000e+01 5.844504e+01 1.044986e+01
      vertex   1.250000e+01 5.844504e+01 1.044986e+01
    endloop
  endfacet
  facet normal 0.000000e+00 1.119645e-01 9.937122e-01
    outer loop
      vertex   2.700000e+01 5.800000e+01 1.050000e+01
      vertex   1.250000e+01 5.844504e+01 1.044986e+01
      vertex   4.250000e+00 5.844504e+01 1.044986e+01
    endloop
  endfacet
  facet normal -0.000000e+00 3.302791e-01 9.438833e-01
    outer loop
      vertex   4.250000e+00 5.844504e+01 1.044986e+01
      vertex   1.250000e+01 5.844504e+01 1.044986e+01
      vertex   4.250000e+00 5.886777e+01 1.030194e+01
    endloop
  endfacet
  facet normal 1.344078e-03 3.302788e-01 9.438825e-01
    outer loop
      vertex   4.250000e+00 5.844504e+01 1.044986e+01
      vertex   4.250000e+00 5.886777e+01 1.030194e+01
      vertex   -2.765367e+00 5.876537e+01 1.034776e+01
    endloop
  endfacet
  facet normal -1.104925e-03 4.705368e-01 8.823797e-01
    outer loop
      vertex   -2.765367e+00 5.876537e+01 1.034776e+01
      vertex   4.250000e+00 5.886777e+01 1.030194e+01
      vertex   -3.111140e+00 5.911114e+01 1.016294e+01
    endloop
  endfacet
  facet normal 1.601493e-03 5.320314e-01 8.467231e-01
    outer loop
      vertex   -3.111140e+00 5.911114e+01 1.016294e+01
      vertex   4.250000e+00 5.886777e+01 1.030194e+01
      vertex   4.250000e+00 5.924698e+01 1.006366e+01
    endloop
  endfacet
  facet normal -1.259357e-03 6.336400e-01 7.736271e-01
    outer loop
      vertex   -3.111140e+00 5.911114e+01 1.016294e+01
      vertex   4.250000e+00 5.924698e+01 1.006366e+01
      vertex   -3.414213e+00 5.941421e+01 9.914214e+00
    endloop
  endfacet
  facet normal 1.640816e-03 7.071058e-01 7.071058e-01
    outer loop
      vertex   -3.414213e+00 5.941421e+01 9.914214e+00
      vertex   4.250000e+00 5.924698e+01 1.006366e+01
      vertex   4.250000e+00 5.956366e+01 9.746980e+00
    endloop
  endfacet
  facet normal -1.208480e-03 7.725233e-01 6.349853e-01
    outer loop
      vertex   -3.414213e+00 5.941421e+01 9.914214e+00
      vertex   4.250000e+00 5.956366e+01 9.746980e+00
      vertex   -3.662939e+00 5.966294e+01 9.611140e+00
    endloop
  endfacet
  facet normal 1.489816e-03 8.467233e-01 5.320315e-01
    outer loop
      vertex   -3.662939e+00 5.966294e+01 9.611140e+00
      vertex   4.250000e+00 5.956366e+01 9.746980e+00
      vertex   4.250000e+00 5.980194e+01 9.367767e+00
    endloop
  endfacet
  facet normal 7.317516e-04 8.579217e-01 5.137799e-01
    outer loop
      vertex   -3.662939e+00 5.966294e+01 9.611140e+00
      vertex   4.250000e+00 5.980194e+01 9.367767e+00
      vertex   -3.763842e+00 5.976384e+01 9.442793e+00
    endloop
  endfacet
  facet normal -2.931640e-04 9.039357e-01 4.276684e-01
    outer loop
      vertex   -3.763842e+00 5.976384e+01 9.442793e+00
      vertex   4.250000e+00 5.980194e+01 9.367767e+00
      vertex   -3.847759e+00 5.984776e+01 9.265367e+00
    endloop
  endfacet
  facet normal 1.072579e-03 9.416652e-01 3.365494e-01
    outer loop
      vertex   -3.847759e+00 5.984776e+01 9.265367e+00
      vertex   4.250000e+00 5.980194e+01 9.367767e+00
      vertex   -3.913880e+00 5.991388e+01 9.080569e+00
    endloop
  endfacet
  facet normal 1.323578e-03 9.438825e-01 3.302788e-01
    outer loop
      vertex   -3.913880e+00 5.991388e+01 9.080569e+00
      vertex   4.250000e+00 5.980194e+01 9.367767e+00
      vertex   4.250000e+00 5.994986e+01 8.945042e+00
    endloop
  endfacet
  facet normal -2.398807e-04 9.700171e-01 2.430367e-01
    outer loop
      vertex   -3.913880e+00 5.991388e+01 9.080569e+00
      vertex   4.250000e+00 5.994986e+01 8.945042e+00
      vertex   -3.961570e+00 5.996157e+01 8.890181e+00
    endloop
  endfacet
  facet normal 4.313026e-04 9.891857e-01 1.466679e-01
    outer loop
      vertex   -3.961570e+00 5.996157e+01 8.890181e+00
      vertex   4.250000e+00 5.994986e+01 8.945042e+00
      vertex   -3.990369e+00 5.999037e+01 8.696034e+00
    endloop
  endfacet
  facet normal 3.432937e-03 9.987978e-01 4.889914e-02
    outer loop
      vertex   -3.990369e+00 5.999037e+01 8.696034e+00
      vertex   4.250000e+00 5.994986e+01 8.945042e+00
      vertex   -4.000000e+00 6.000000e+01 8.500000e+00
    endloop
  endfacet
  facet normal 0.000000e+00 9.937122e-01 1.119645e-01
    outer loop
      vertex   -4.000000e+00 6.000000e+01 8.500000e+00
      vertex   4.250000e+00 5.994986e+01 8.945042e+00
      vertex   1.250000e+01 5.994986e+01 8.945042e+00
    endloop
  endfacet
  facet normal -7.044065e-04 2.896395e-01 9.571356e-01
    outer loop
      vertex   -2.765367e+00 5.876537e+01 1.034776e+01
      vertex   -2.390180e+00 5.839018e+01 1.046157e+01
      vertex   4.250000e+00 5.844504e+01 1.044986e+01
    endloop
  endfacet
  facet normal 5.800050e-04 1.411933e-01 9.899819e-01
    outer loop
      vertex   4.250000e+00 5.844504e+01 1.044986e+01
      vertex   -2.390180e+00 5.839018e+01 1.046157e+01
      vertex   2.700000e+01 5.800000e+01 1.050000e+01
    endloop
  endfacet
  facet normal 0.000000e+00 9.801714e-02 9.951847e-01
    outer loop
      vertex   -2.390180e+00 5.839018e+01 1.046157e+01
      vertex   -2.000000e+00 5.800000e+01 1.050000e+01
      vertex   2.700000e+01 5.800000e+01 1.050000e+01
    endloop
  endfacet
  facet normal 2.398807e-04 9.700171e-01 2.430367e-01
    outer loop
      vertex   2.891388e+01 5.991388e+01 9.080569e+00
      vertex   2.896157e+01 5.996157e+01 8.890181e+00
      vertex   2.075000e+01 5.994986e+01 8.945042e+00
    endloop
  endfacet
  facet normal -4.313026e-04 9.891857e-01 1.466679e-01
    outer loop
      vertex   2.075000e+01 5.994986e+01 8.945042e+00
      vertex   2.896157e+01 5.996157e+01 8.890181e+00
      vertex   2.899037e+01 5.999037e+01 8.696034e+00
    endloop
  endfacet
  facet normal 0.000000e+00 9.438833e-01 3.302791e-01
    outer loop
      vertex   1.250000e+01 5.994986e+01 8.945042e+00
      vertex   4.250000e+00 5.994986e+01 8.945042e+00
      vertex   1.250000e+01 5.980194e+01 9.367767e+00
    endloop
  endfacet
  facet normal 0.000000e+00 9.438833e-01 3.302791e-01
    outer loop
      vertex   1.250000e+01 5.980194e+01 9.367767e+00
      vertex   4.250000e+00 5.994986e+01 8.945042e+00
      vertex   4.250000e+00 5.980194e+01 9.367767e+00
    endloop
  endfacet
  facet normal 0.000000e+00 8.467242e-01 5.320321e-01
    outer loop
      vertex   1.250000e+01 5.980194e+01 9.367767e+00
      vertex   4.250000e+00 5.980194e+01 9.367767e+00
      vertex   1.250000e+01 5.956366e+01 9.746980e+00
    endloop
  endfacet
  facet normal 0.000000e+00 8.467242e-01 5.320321e-01
    outer loop
      vertex   1.250000e+01 5.956366e+01 9.746980e+00
      vertex   4.250000e+00 5.980194e+01 9.367767e+00
      vertex   4.250000e+00 5.956366e+01 9.746980e+00
    endloop
  endfacet
  facet normal 0.000000e+00 7.071068e-01 7.071068e-01
    outer loop
      vertex   1.250000e+01 5.956366e+01 9.746980e+00
      vertex   4.250000e+00 5.956366e+01 9.746980e+00
      vertex   1.250000e+01 5.924698e+01 1.006366e+01
    endloop
  endfacet
  facet normal 0.000000e+00 7.071068e-01 7.071068e-01
    outer loop
      vertex   1.250000e+01 5.924698e+01 1.006366e+01
      vertex   4.250000e+00 5.956366e+01 9.746980e+00
      vertex   4.250000e+00 5.924698e+01 1.006366e+01
    endloop
  endfacet
  facet normal 0.000000e+00 5.320321e-01 8.467242e-01
    outer loop
      vertex   1.250000e+01 5.924698e+01 1.006366e+01
      vertex   4.250000e+00 5.924698e+01 1.006366e+01
      vertex   1.250000e+01 5.886777e+01 1.030194e+01
    endloop
  endfacet
  facet normal 0.000000e+00 5.320321e-01 8.467242e-01
    outer loop
      vertex   1.250000e+01 5.886777e+01 1.030194e+01
      vertex   4.250000e+00 5.924698e+01 1.006366e+01
      vertex   4.250000e+00 5.886777e+01 1.030194e+01
    endloop
  endfacet
  facet normal 0.000000e+00 3.302791e-01 9.438833e-01
    outer loop
      vertex   1.250000e+01 5.886777e+01 1.030194e+01
      vertex   4.250000e+00 5.886777e+01 1.030194e+01
      vertex   1.250000e+01 5.844504e+01 1.044986e+01
    endloop
  endfacet
  facet normal 0.000000e+00 8.467242e-01 5.320321e-01
    outer loop
      vertex   2.075000e+01 5.956366e+01 9.746980e+00
      vertex   2.075000e+01 5.980194e+01 9.367767e+00
      vertex   1.250000e+01 5.980194e+01 9.367767e+00
    endloop
  endfacet
  facet normal -0.000000e+00 9.438833e-01 3.302791e-01
    outer loop
      vertex   1.250000e+01 5.980194e+01 9.367767e+00
      vertex   2.075000e+01 5.980194e+01 9.367767e+00
      vertex   1.250000e+01 5.994986e+01 8.945042e+00
    endloop
  endfacet
  facet normal 0.000000e+00 8.467242e-01 5.320321e-01
    outer loop
      vertex   2.075000e+01 5.956366e+01 9.746980e+00
      vertex   1.250000e+01 5.980194e+01 9.367767e+00
      vertex   1.250000e+01 5.956366e+01 9.746980e+00
    endloop
  endfacet
  facet normal 0.000000e+00 7.071068e-01 7.071068e-01
    outer loop
      vertex   2.075000e+01 5.924698e+01 1.006366e+01
      vertex   2.075000e+01 5.956366e+01 9.746980e+00
      vertex   1.250000e+01 5.956366e+01 9.746980e+00
    endloop
  endfacet
  facet normal 0.000000e+00 7.071068e-01 7.071068e-01
    outer loop
      vertex   2.075000e+01 5.924698e+01 1.006366e+01
      vertex   1.250000e+01 5.956366e+01 9.746980e+00
      vertex   1.250000e+01 5.924698e+01 1.006366e+01
    endloop
  endfacet
  facet normal 0.000000e+00 5.320321e-01 8.467242e-01
    outer loop
      vertex   2.075000e+01 5.886777e+01 1.030194e+01
      vertex   2.075000e+01 5.924698e+01 1.006366e+01
      vertex   1.250000e+01 5.924698e+01 1.006366e+01
    endloop
  endfacet
  facet normal 0.000000e+00 5.320321e-01 8.467242e-01
    outer loop
      vertex   2.075000e+01 5.886777e+01 1.030194e+01
      vertex   1.250000e+01 5.924698e+01 1.006366e+01
      vertex   1.250000e+01 5.886777e+01 1.030194e+01
    endloop
  endfacet
  facet normal 0.000000e+00 3.302791e-01 9.438833e-01
    outer loop
      vertex   2.075000e+01 5.844504e+01 1.044986e+01
      vertex   2.075000e+01 5.886777e+01 1.030194e+01
      vertex   1.250000e+01 5.886777e+01 1.030194e+01
    endloop
  endfacet
  facet normal 0.000000e+00 3.302791e-01 9.438833e-01
    outer loop
      vertex   2.075000e+01 5.844504e+01 1.044986e+01
      vertex   1.250000e+01 5.886777e+01 1.030194e+01
      vertex   1.250000e+01 5.844504e+01 1.044986e+01
    endloop
  endfacet
  facet normal 9.801714e-02 0.000000e+00 9.951847e-01
    outer loop
      vertex   2.700000e+01 5.800000e+01 1.050000e+01
      vertex   2.700000e+01 -4.000000e+00 1.050000e+01
      vertex   2.739018e+01 5.839018e+01 1.046157e+01
    endloop
  endfacet
  facet normal 1.360017e-01 -2.403080e-04 9.907086e-01
    outer loop
      vertex   2.739018e+01 5.839018e+01 1.046157e+01
      vertex   2.700000e+01 -4.000000e+00 1.050000e+01
      vertex   2.744504e+01 4.114286e+01 1.044986e+01
    endloop
  endfacet
  facet normal 2.088262e-01 0.000000e+00 9.779528e-01
    outer loop
      vertex   2.739018e+01 5.839018e+01 1.046157e+01
      vertex   2.744504e+01 4.114286e+01 1.044986e+01
      vertex   2.744504e+01 5.057143e+01 1.044986e+01
    endloop
  endfacet
  facet normal 3.302791e-01 0.000000e+00 9.438833e-01
    outer loop
      vertex   2.744504e+01 5.057143e+01 1.044986e+01
      vertex   2.744504e+01 4.114286e+01 1.044986e+01
      vertex   2.786777e+01 5.057143e+01 1.030194e+01
    endloop
  endfacet
  facet normal 3.302788e-01 -1.150754e-03 9.438827e-01
    outer loop
      vertex   2.744504e+01 5.057143e+01 1.044986e+01
      vertex   2.786777e+01 5.057143e+01 1.030194e+01
      vertex   2.776537e+01 5.876537e+01 1.034776e+01
    endloop
  endfacet
  facet normal 4.706591e-01 9.478900e-04 8.823146e-01
    outer loop
      vertex   2.776537e+01 5.876537e+01 1.034776e+01
      vertex   2.786777e+01 5.057143e+01 1.030194e+01
      vertex   2.811114e+01 5.911114e+01 1.016294e+01
    endloop
  endfacet
  facet normal 5.320316e-01 -1.380471e-03 8.467234e-01
    outer loop
      vertex   2.811114e+01 5.911114e+01 1.016294e+01
      vertex   2.786777e+01 5.057143e+01 1.030194e+01
      vertex   2.824698e+01 5.057143e+01 1.006366e+01
    endloop
  endfacet
  facet normal 6.337425e-01 1.088156e-03 7.735433e-01
    outer loop
      vertex   2.811114e+01 5.911114e+01 1.016294e+01
      vertex   2.824698e+01 5.057143e+01 1.006366e+01
      vertex   2.841421e+01 5.941421e+01 9.914214e+00
    endloop
  endfacet
  facet normal 7.071061e-01 -1.422127e-03 7.071061e-01
    outer loop
      vertex   2.841421e+01 5.941421e+01 9.914214e+00
      vertex   2.824698e+01 5.057143e+01 1.006366e+01
      vertex   2.856366e+01 5.057143e+01 9.746980e+00
    endloop
  endfacet
  facet normal 7.725873e-01 1.049961e-03 6.349077e-01
    outer loop
      vertex   2.841421e+01 5.941421e+01 9.914214e+00
      vertex   2.856366e+01 5.057143e+01 9.746980e+00
      vertex   2.866294e+01 5.966294e+01 9.611140e+00
    endloop
  endfacet
  facet normal 8.467235e-01 -1.296685e-03 5.320316e-01
    outer loop
      vertex   2.866294e+01 5.966294e+01 9.611140e+00
      vertex   2.856366e+01 5.057143e+01 9.746980e+00
      vertex   2.880194e+01 5.057143e+01 9.367767e+00
    endloop
  endfacet
  facet normal 8.578971e-01 -6.383712e-04 5.138211e-01
    outer loop
      vertex   2.866294e+01 5.966294e+01 9.611140e+00
      vertex   2.880194e+01 5.057143e+01 9.367767e+00
      vertex   2.876384e+01 5.976384e+01 9.442793e+00
    endloop
  endfacet
  facet normal 9.039425e-01 2.557235e-04 4.276539e-01
    outer loop
      vertex   2.876384e+01 5.976384e+01 9.442793e+00
      vertex   2.880194e+01 5.057143e+01 9.367767e+00
      vertex   2.884776e+01 5.984776e+01 9.265367e+00
    endloop
  endfacet
  facet normal 9.416498e-01 -9.357503e-04 3.365929e-01
    outer loop
      vertex   2.884776e+01 5.984776e+01 9.265367e+00
      vertex   2.880194e+01 5.057143e+01 9.367767e+00
      vertex   2.891388e+01 5.991388e+01 9.080569e+00
    endloop
  endfacet
  facet normal 9.438827e-01 -1.156606e-03 3.302788e-01
    outer loop
      vertex   2.891388e+01 5.991388e+01 9.080569e+00
      vertex   2.880194e+01 5.057143e+01 9.367767e+00
      vertex   2.894986e+01 5.057143e+01 8.945042e+00
    endloop
  endfacet
  facet normal 9.700188e-01 2.097292e-04 2.430296e-01
    outer loop
      vertex   2.891388e+01 5.991388e+01 9.080569e+00
      vertex   2.894986e+01 5.057143e+01 8.945042e+00
      vertex   2.896157e+01 5.996157e+01 8.890181e+00
    endloop
  endfacet
  facet normal 9.891846e-01 -3.771217e-04 1.466757e-01
    outer loop
      vertex   2.896157e+01 5.996157e+01 8.890181e+00
      vertex   2.894986e+01 5.057143e+01 8.945042e+00
      vertex   2.899037e+01 5.999037e+01 8.696034e+00
    endloop
  endfacet
  facet normal 9.987982e-01 -3.002823e-03 4.892029e-02
    outer loop
      vertex   2.899037e+01 5.999037e+01 8.696034e+00
      vertex   2.894986e+01 5.057143e+01 8.945042e+00
      vertex   2.900000e+01 6.000000e+01 8.500000e+00
    endloop
  endfacet
  facet normal 9.937122e-01 0.000000e+00 1.119645e-01
    outer loop
      vertex   2.900000e+01 6.000000e+01 8.500000e+00
      vertex   2.894986e+01 5.057143e+01 8.945042e+00
      vertex   2.894986e+01 4.114286e+01 8.945042e+00
    endloop
  endfacet
  facet normal 9.937122e-01 0.000000e+00 1.119645e-01
    outer loop
      vertex   2.900000e+01 6.000000e+01 8.500000e+00
      vertex   2.894986e+01 4.114286e+01 8.945042e+00
      vertex   2.894986e+01 3.171429e+01 8.945042e+00
    endloop
  endfacet
  facet normal 9.438833e-01 -0.000000e+00 3.302791e-01
    outer loop
      vertex   2.894986e+01 3.171429e+01 8.945042e+00
      vertex   2.894986e+01 4.114286e+01 8.945042e+00
      vertex   2.880194e+01 3.171429e+01 9.367767e+00
    endloop
  endfacet
  facet normal 9.438833e-01 0.000000e+00 3.302791e-01
    outer loop
      vertex   2.894986e+01 3.171429e+01 8.945042e+00
      vertex   2.880194e+01 3.171429e+01 9.367767e+00
      vertex   2.880194e+01 2.228571e+01 9.367767e+00
    endloop
  endfacet
  facet normal 8.467242e-01 -0.000000e+00 5.320321e-01
    outer loop
      vertex   2.880194e+01 2.228571e+01 9.367767e+00
      vertex   2.880194e+01 3.171429e+01 9.367767e+00
      vertex   2.856366e+01 2.228571e+01 9.746980e+00
    endloop
  endfacet
  facet normal 8.467242e-01 0.000000e+00 5.320321e-01
    outer loop
      vertex   2.880194e+01 2.228571e+01 9.367767e+00
      vertex   2.856366e+01 2.228571e+01 9.746980e+00
      vertex   2.856366e+01 1.285714e+01 9.746980e+00
    endloop
  endfacet
  facet normal 7.071068e-01 -0.000000e+00 7.071068e-01
    outer loop
      vertex   2.856366e+01 1.285714e+01 9.746980e+00
      vertex   2.856366e+01 2.228571e+01 9.746980e+00
      vertex   2.824698e+01 1.285714e+01 1.006366e+01
    endloop
  endfacet
  facet normal 7.071068e-01 0.000000e+00 7.071068e-01
    outer loop
      vertex   2.856366e+01 1.285714e+01 9.746980e+00
      vertex   2.824698e+01 1.285714e+01 1.006366e+01
      vertex   2.824698e+01 3.428572e+00 1.006366e+01
    endloop
  endfacet
  facet normal 5.320321e-01 -0.000000e+00 8.467242e-01
    outer loop
      vertex   2.824698e+01 3.428572e+00 1.006366e+01
      vertex   2.824698e+01 1.285714e+01 1.006366e+01
      vertex   2.786777e+01 3.428572e+00 1.030194e+01
    endloop
  endfacet
  facet normal 5.320316e-01 1.380471e-03 8.467234e-01
    outer loop
      vertex   2.824698e+01 3.428572e+00 1.006366e+01
      vertex   2.786777e+01 3.428572e+00 1.030194e+01
      vertex   2.811114e+01 -5.111140e+00 1.016294e+01
    endloop
  endfacet
  facet normal 4.706591e-01 -9.478900e-04 8.823146e-01
    outer loop
      vertex   2.811114e+01 -5.111140e+00 1.016294e+01
      vertex   2.786777e+01 3.428572e+00 1.030194e+01
      vertex   2.776537e+01 -4.765366e+00 1.034776e+01
    endloop
  endfacet
  facet normal 3.302788e-01 1.150754e-03 9.438827e-01
    outer loop
      vertex   2.776537e+01 -4.765366e+00 1.034776e+01
      vertex   2.786777e+01 3.428572e+00 1.030194e+01
      vertex   2.744504e+01 3.428572e+00 1.044986e+01
    endloop
  endfacet
  facet normal 2.897361e-01 -5.989483e-04 9.571064e-01
    outer loop
      vertex   2.776537e+01 -4.765366e+00 1.034776e+01
      vertex   2.744504e+01 3.428572e+00 1.044986e+01
      vertex   2.739018e+01 -4.390180e+00 1.046157e+01
    endloop
  endfacet
  facet normal 9.880708e-02 7.976632e-04 9.951063e-01
    outer loop
      vertex   2.739018e+01 -4.390180e+00 1.046157e+01
      vertex   2.744504e+01 3.428572e+00 1.044986e+01
      vertex   2.700000e+01 -4.000000e+00 1.050000e+01
    endloop
  endfacet
  facet normal 1.119645e-01 0.000000e+00 9.937122e-01
    outer loop
      vertex   2.700000e+01 -4.000000e+00 1.050000e+01
      vertex   2.744504e+01 3.428572e+00 1.044986e+01
      vertex   2.744504e+01 1.285714e+01 1.044986e+01
    endloop
  endfacet
  facet normal 1.119645e-01 0.000000e+00 9.937122e-01
    outer loop
      vertex   2.700000e+01 -4.000000e+00 1.050000e+01
      vertex   2.744504e+01 1.285714e+01 1.044986e+01
      vertex   2.744504e+01 2.228571e+01 1.044986e+01
    endloop
  endfacet
  facet normal 3.302791e-01 0.000000e+00 9.438833e-01
    outer loop
      vertex   2.744504e+01 2.228571e+01 1.044986e+01
      vertex   2.744504e+01 1.285714e+01 1.044986e+01
      vertex   2.786777e+01 2.228571e+01 1.030194e+01
    endloop
  endfacet
  facet normal 3.302791e-01 0.000000e+00 9.438833e-01
    outer loop
      vertex   2.744504e+01 2.228571e+01 1.044986e+01
      vertex   2.786777e+01 2.228571e+01 1.030194e+01
      vertex   2.786777e+01 3.171429e+01 1.030194e+01
    endloop
  endfacet
  facet normal 5.320321e-01 0.000000e+00 8.467242e-01
    outer loop
      vertex   2.786777e+01 3.171429e+01 1.030194e+01
      vertex   2.786777e+01 2.228571e+01 1.030194e+01
      vertex   2.824698e+01 3.171429e+01 1.006366e+01
    endloop
  endfacet
  facet normal 5.320321e-01 0.000000e+00 8.467242e-01
    outer loop
      vertex   2.786777e+01 3.171429e+01 1.030194e+01
      vertex   2.824698e+01 3.171429e+01 1.006366e+01
      vertex   2.824698e+01 4.114286e+01 1.006366e+01
    endloop
  endfacet
  facet normal 7.071068e-01 0.000000e+00 7.071068e-01
    outer loop
      vertex   2.824698e+01 4.114286e+01 1.006366e+01
      vertex   2.824698e+01 3.171429e+01 1.006366e+01
      vertex   2.856366e+01 4.114286e+01 9.746980e+00
    endloop
  endfacet
  facet normal 7.071068e-01 0.000000e+00 7.071068e-01
    outer loop
      vertex   2.824698e+01 4.114286e+01 1.006366e+01
      vertex   2.856366e+01 4.114286e+01 9.746980e+00
      vertex   2.856366e+01 5.057143e+01 9.746980e+00
    endloop
  endfacet
  facet normal 8.467242e-01 0.000000e+00 5.320321e-01
    outer loop
      vertex   2.856366e+01 5.057143e+01 9.746980e+00
      vertex   2.856366e+01 4.114286e+01 9.746980e+00
      vertex   2.880194e+01 5.057143e+01 9.367767e+00
    endloop
  endfacet
  facet normal 6.337425e-01 -1.088156e-03 7.735433e-01
    outer loop
      vertex   2.811114e+01 -5.111140e+00 1.016294e+01
      vertex   2.841421e+01 -5.414213e+00 9.914214e+00
      vertex   2.824698e+01 3.428572e+00 1.006366e+01
    endloop
  endfacet
  facet normal 7.071061e-01 1.422127e-03 7.071061e-01
    outer loop
      vertex   2.824698e+01 3.428572e+00 1.006366e+01
      vertex   2.841421e+01 -5.414213e+00 9.914214e+00
      vertex   2.856366e+01 3.428572e+00 9.746980e+00
    endloop
  endfacet
  facet normal 7.071068e-01 0.000000e+00 7.071068e-01
    outer loop
      vertex   2.824698e+01 3.428572e+00 1.006366e+01
      vertex   2.856366e+01 3.428572e+00 9.746980e+00
      vertex   2.856366e+01 1.285714e+01 9.746980e+00
    endloop
  endfacet
  facet normal 8.467242e-01 0.000000e+00 5.320321e-01
    outer loop
      vertex   2.856366e+01 1.285714e+01 9.746980e+00
      vertex   2.856366e+01 3.428572e+00 9.746980e+00
      vertex   2.880194e+01 1.285714e+01 9.367767e+00
    endloop
  endfacet
  facet normal 8.467242e-01 0.000000e+00 5.320321e-01
    outer loop
      vertex   2.856366e+01 1.285714e+01 9.746980e+00
      vertex   2.880194e+01 1.285714e+01 9.367767e+00
      vertex   2.880194e+01 2.228571e+01 9.367767e+00
    endloop
  endfacet
  facet normal 9.438833e-01 0.000000e+00 3.302791e-01
    outer loop
      vertex   2.880194e+01 2.228571e+01 9.367767e+00
      vertex   2.880194e+01 1.285714e+01 9.367767e+00
      vertex   2.894986e+01 2.228571e+01 8.945042e+00
    endloop
  endfacet
  facet normal 9.438833e-01 0.000000e+00 3.302791e-01
    outer loop
      vertex   2.880194e+01 2.228571e+01 9.367767e+00
      vertex   2.894986e+01 2.228571e+01 8.945042e+00
      vertex   2.894986e+01 3.171429e+01 8.945042e+00
    endloop
  endfacet
  facet normal 9.937122e-01 0.000000e+00 1.119645e-01
    outer loop
      vertex   2.894986e+01 3.171429e+01 8.945042e+00
      vertex   2.894986e+01 2.228571e+01 8.945042e+00
      vertex   2.900000e+01 6.000000e+01 8.500000e+00
    endloop
  endfacet
  facet normal 7.725873e-01 -1.049961e-03 6.349077e-01
    outer loop
      vertex   2.841421e+01 -5.414213e+00 9.914214e+00
      vertex   2.866294e+01 -5.662939e+00 9.611140e+00
      vertex   2.856366e+01 3.428572e+00 9.746980e+00
    endloop
  endfacet
  facet normal 8.467235e-01 1.296685e-03 5.320316e-01
    outer loop
      vertex   2.856366e+01 3.428572e+00 9.746980e+00
      vertex   2.866294e+01 -5.662939e+00 9.611140e+00
      vertex   2.880194e+01 3.428572e+00 9.367767e+00
    endloop
  endfacet
  facet normal 8.467242e-01 0.000000e+00 5.320321e-01
    outer loop
      vertex   2.856366e+01 3.428572e+00 9.746980e+00
      vertex   2.880194e+01 3.428572e+00 9.367767e+00
      vertex   2.880194e+01 1.285714e+01 9.367767e+00
    endloop
  endfacet
  facet normal 9.438833e-01 0.000000e+00 3.302791e-01
    outer loop
      vertex   2.880194e+01 1.285714e+01 9.367767e+00
      vertex   2.880194e+01 3.428572e+00 9.367767e+00
      vertex   2.894986e+01 1.285714e+01 8.945042e+00
    endloop
  endfacet
  facet normal 9.438833e-01 0.000000e+00 3.302791e-01
    outer loop
      vertex   2.880194e+01 1.285714e+01 9.367767e+00
      vertex   2.894986e+01 1.285714e+01 8.945042e+00
      vertex   2.894986e+01 2.228571e+01 8.945042e+00
    endloop
  endfacet
  facet normal 9.870214e-01 0.000000e+00 1.605888e-01
    outer loop
      vertex   2.894986e+01 2.228571e+01 8.945042e+00
      vertex   2.894986e+01 1.285714e+01 8.945042e+00
      vertex   2.899037e+01 -5.990369e+00 8.696034e+00
    endloop
  endfacet
  facet normal 9.911343e-01 2.500470e-04 1.328638e-01
    outer loop
      vertex   2.894986e+01 2.228571e+01 8.945042e+00
      vertex   2.899037e+01 -5.990369e+00 8.696034e+00
      vertex   2.900000e+01 6.000000e+01 8.500000e+00
    endloop
  endfacet
  facet normal 9.987955e-01 2.150566e-16 4.906767e-02
    outer loop
      vertex   2.900000e+01 6.000000e+01 8.500000e+00
      vertex   2.899037e+01 -5.990369e+00 8.696034e+00
      vertex   2.900000e+01 -6.000000e+00 8.500000e+00
    endloop
  endfacet
  facet normal 8.578971e-01 6.383712e-04 5.138211e-01
    outer loop
      vertex   2.866294e+01 -5.662939e+00 9.611140e+00
      vertex   2.876384e+01 -5.763842e+00 9.442793e+00
      vertex   2.880194e+01 3.428572e+00 9.367767e+00
    endloop
  endfacet
  facet normal 9.039425e-01 -2.557235e-04 4.276539e-01
    outer loop
      vertex   2.880194e+01 3.428572e+00 9.367767e+00
      vertex   2.876384e+01 -5.763842e+00 9.442793e+00
      vertex   2.884776e+01 -5.847759e+00 9.265367e+00
    endloop
  endfacet
  facet normal 9.416498e-01 9.357503e-04 3.365929e-01
    outer loop
      vertex   2.880194e+01 3.428572e+00 9.367767e+00
      vertex   2.884776e+01 -5.847759e+00 9.265367e+00
      vertex   2.891388e+01 -5.913880e+00 9.080569e+00
    endloop
  endfacet
  facet normal 9.438827e-01 1.156606e-03 3.302788e-01
    outer loop
      vertex   2.880194e+01 3.428572e+00 9.367767e+00
      vertex   2.891388e+01 -5.913880e+00 9.080569e+00
      vertex   2.894986e+01 3.428572e+00 8.945042e+00
    endloop
  endfacet
  facet normal 9.700188e-01 -2.097292e-04 2.430296e-01
    outer loop
      vertex   2.894986e+01 3.428572e+00 8.945042e+00
      vertex   2.891388e+01 -5.913880e+00 9.080569e+00
      vertex   2.896157e+01 -5.961570e+00 8.890181e+00
    endloop
  endfacet
  facet normal 9.891846e-01 3.771217e-04 1.466757e-01
    outer loop
      vertex   2.894986e+01 3.428572e+00 8.945042e+00
      vertex   2.896157e+01 -5.961570e+00 8.890181e+00
      vertex   2.899037e+01 -5.990369e+00 8.696034e+00
    endloop
  endfacet
  facet normal 2.897361e-01 5.989483e-04 9.571064e-01
    outer loop
      vertex   2.776537e+01 5.876537e+01 1.034776e+01
      vertex   2.739018e+01 5.839018e+01 1.046157e+01
      vertex   2.744504e+01 5.057143e+01 1.044986e+01
    endloop
  endfacet
  facet normal 3.302791e-01 0.000000e+00 9.438833e-01
    outer loop
      vertex   2.744504e+01 1.285714e+01 1.044986e+01
      vertex   2.744504e+01 3.428572e+00 1.044986e+01
      vertex   2.786777e+01 1.285714e+01 1.030194e+01
    endloop
  endfacet
  facet normal 3.302791e-01 0.000000e+00 9.438833e-01
    outer loop
      vertex   2.786777e+01 1.285714e+01 1.030194e+01
      vertex   2.744504e+01 3.428572e+00 1.044986e+01
      vertex   2.786777e+01 3.428572e+00 1.030194e+01
    endloop
  endfacet
  facet normal 5.320321e-01 0.000000e+00 8.467242e-01
    outer loop
      vertex   2.786777e+01 1.285714e+01 1.030194e+01
      vertex   2.786777e+01 3.428572e+00 1.030194e+01
      vertex   2.824698e+01 1.285714e+01 1.006366e+01
    endloop
  endfacet
  facet normal 1.119645e-01 0.000000e+00 9.937122e-01
    outer loop
      vertex   2.744504e+01 4.114286e+01 1.044986e+01
      vertex   2.700000e+01 -4.000000e+00 1.050000e+01
      vertex   2.744504e+01 3.171429e+01 1.044986e+01
    endloop
  endfacet
  facet normal 1.119645e-01 0.000000e+00 9.937122e-01
    outer loop
      vertex   2.744504e+01 3.171429e+01 1.044986e+01
      vertex   2.700000e+01 -4.000000e+00 1.050000e+01
      vertex   2.744504e+01 2.228571e+01 1.044986e+01
    endloop
  endfacet
  facet normal 3.302791e-01 0.000000e+00 9.438833e-01
    outer loop
      vertex   2.744504e+01 3.171429e+01 1.044986e+01
      vertex   2.744504e+01 2.228571e+01 1.044986e+01
      vertex   2.786777e+01 3.171429e+01 1.030194e+01
    endloop
  endfacet
  facet normal 3.302791e-01 0.000000e+00 9.438833e-01
    outer loop
      vertex   2.744504e+01 4.114286e+01 1.044986e+01
      vertex   2.744504e+01 3.171429e+01 1.044986e+01
      vertex   2.786777e+01 4.114286e+01 1.030194e+01
    endloop
  endfacet
  facet normal 3.302791e-01 0.000000e+00 9.438833e-01
    outer loop
      vertex   2.786777e+01 4.114286e+01 1.030194e+01
      vertex   2.744504e+01 3.171429e+01 1.044986e+01
      vertex   2.786777e+01 3.171429e+01 1.030194e+01
    endloop
  endfacet
  facet normal 5.320321e-01 0.000000e+00 8.467242e-01
    outer loop
      vertex   2.786777e+01 4.114286e+01 1.030194e+01
      vertex   2.786777e+01 3.171429e+01 1.030194e+01
      vertex   2.824698e+01 4.114286e+01 1.006366e+01
    endloop
  endfacet
  facet normal 3.302791e-01 0.000000e+00 9.438833e-01
    outer loop
      vertex   2.744504e+01 1.285714e+01 1.044986e+01
      vertex   2.786777e+01 1.285714e+01 1.030194e+01
      vertex   2.786777e+01 2.228571e+01 1.030194e+01
    endloop
  endfacet
  facet normal 5.320321e-01 0.000000e+00 8.467242e-01
    outer loop
      vertex   2.786777e+01 2.228571e+01 1.030194e+01
      vertex   2.786777e+01 1.285714e+01 1.030194e+01
      vertex   2.824698e+01 2.228571e+01 1.006366e+01
    endloop
  endfacet
  facet normal 5.320321e-01 0.000000e+00 8.467242e-01
    outer loop
      vertex   2.786777e+01 2.228571e+01 1.030194e+01
      vertex   2.824698e+01 2.228571e+01 1.006366e+01
      vertex   2.824698e+01 3.171429e+01 1.006366e+01
    endloop
  endfacet
  facet normal 7.071068e-01 0.000000e+00 7.071068e-01
    outer loop
      vertex   2.824698e+01 3.171429e+01 1.006366e+01
      vertex   2.824698e+01 2.228571e+01 1.006366e+01
      vertex   2.856366e+01 3.171429e+01 9.746980e+00
    endloop
  endfacet
  facet normal 7.071068e-01 0.000000e+00 7.071068e-01
    outer loop
      vertex   2.824698e+01 3.171429e+01 1.006366e+01
      vertex   2.856366e+01 3.171429e+01 9.746980e+00
      vertex   2.856366e+01 4.114286e+01 9.746980e+00
    endloop
  endfacet
  facet normal 8.467242e-01 0.000000e+00 5.320321e-01
    outer loop
      vertex   2.856366e+01 4.114286e+01 9.746980e+00
      vertex   2.856366e+01 3.171429e+01 9.746980e+00
      vertex   2.880194e+01 4.114286e+01 9.367767e+00
    endloop
  endfacet
  facet normal 8.467242e-01 0.000000e+00 5.320321e-01
    outer loop
      vertex   2.856366e+01 4.114286e+01 9.746980e+00
      vertex   2.880194e+01 4.114286e+01 9.367767e+00
      vertex   2.880194e+01 5.057143e+01 9.367767e+00
    endloop
  endfacet
  facet normal 9.438833e-01 0.000000e+00 3.302791e-01
    outer loop
      vertex   2.880194e+01 5.057143e+01 9.367767e+00
      vertex   2.880194e+01 4.114286e+01 9.367767e+00
      vertex   2.894986e+01 5.057143e+01 8.945042e+00
    endloop
  endfacet
  facet normal 5.320321e-01 0.000000e+00 8.467242e-01
    outer loop
      vertex   2.824698e+01 2.228571e+01 1.006366e+01
      vertex   2.786777e+01 1.285714e+01 1.030194e+01
      vertex   2.824698e+01 1.285714e+01 1.006366e+01
    endloop
  endfacet
  facet normal 5.320321e-01 0.000000e+00 8.467242e-01
    outer loop
      vertex   2.824698e+01 5.057143e+01 1.006366e+01
      vertex   2.786777e+01 5.057143e+01 1.030194e+01
      vertex   2.786777e+01 4.114286e+01 1.030194e+01
    endloop
  endfacet
  facet normal 3.302791e-01 -0.000000e+00 9.438833e-01
    outer loop
      vertex   2.786777e+01 4.114286e+01 1.030194e+01
      vertex   2.786777e+01 5.057143e+01 1.030194e+01
      vertex   2.744504e+01 4.114286e+01 1.044986e+01
    endloop
  endfacet
  facet normal 5.320321e-01 0.000000e+00 8.467242e-01
    outer loop
      vertex   2.824698e+01 5.057143e+01 1.006366e+01
      vertex   2.786777e+01 4.114286e+01 1.030194e+01
      vertex   2.824698e+01 4.114286e+01 1.006366e+01
    endloop
  endfacet
  facet normal 7.071068e-01 0.000000e+00 7.071068e-01
    outer loop
      vertex   2.856366e+01 3.171429e+01 9.746980e+00
      vertex   2.824698e+01 2.228571e+01 1.006366e+01
      vertex   2.856366e+01 2.228571e+01 9.746980e+00
    endloop
  endfacet
  facet normal 7.071068e-01 0.000000e+00 7.071068e-01
    outer loop
      vertex   2.856366e+01 2.228571e+01 9.746980e+00
      vertex   2.824698e+01 2.228571e+01 1.006366e+01
      vertex   2.824698e+01 1.285714e+01 1.006366e+01
    endloop
  endfacet
  facet normal 7.071068e-01 0.000000e+00 7.071068e-01
    outer loop
      vertex   2.856366e+01 5.057143e+01 9.746980e+00
      vertex   2.824698e+01 5.057143e+01 1.006366e+01
      vertex   2.824698e+01 4.114286e+01 1.006366e+01
    endloop
  endfacet
  facet normal 8.467242e-01 0.000000e+00 5.320321e-01
    outer loop
      vertex   2.880194e+01 4.114286e+01 9.367767e+00
      vertex   2.856366e+01 3.171429e+01 9.746980e+00
      vertex   2.880194e+01 3.171429e+01 9.367767e+00
    endloop
  endfacet
  facet normal 8.467242e-01 0.000000e+00 5.320321e-01
    outer loop
      vertex   2.880194e+01 3.171429e+01 9.367767e+00
      vertex   2.856366e+01 3.171429e+01 9.746980e+00
      vertex   2.856366e+01 2.228571e+01 9.746980e+00
    endloop
  endfacet
  facet normal 9.438833e-01 0.000000e+00 3.302791e-01
    outer loop
      vertex   2.894986e+01 5.057143e+01 8.945042e+00
      vertex   2.880194e+01 4.114286e+01 9.367767e+00
      vertex   2.894986e+01 4.114286e+01 8.945042e+00
    endloop
  endfacet
  facet normal 9.438833e-01 0.000000e+00 3.302791e-01
    outer loop
      vertex   2.894986e+01 4.114286e+01 8.945042e+00
      vertex   2.880194e+01 4.114286e+01 9.367767e+00
      vertex   2.880194e+01 3.171429e+01 9.367767e+00
    endloop
  endfacet
  facet normal 9.870214e-01 0.000000e+00 1.605888e-01
    outer loop
      vertex   2.899037e+01 -5.990369e+00 8.696034e+00
      vertex   2.894986e+01 1.285714e+01 8.945042e+00
      vertex   2.894986e+01 3.428572e+00 8.945042e+00
    endloop
  endfacet
  facet normal 9.438833e-01 -0.000000e+00 3.302791e-01
    outer loop
      vertex   2.894986e+01 3.428572e+00 8.945042e+00
      vertex   2.894986e+01 1.285714e+01 8.945042e+00
      vertex   2.880194e+01 3.428572e+00 9.367767e+00
    endloop
  endfacet
  facet normal 1.000000e+00 2.153160e-16 0.000000e+00
    outer loop
      vertex   2.900000e+01 6.000000e+01 8.500000e+00
      vertex   2.900000e+01 -6.000000e+00 8.500000e+00
      vertex   2.900000e+01 6.000000e+01 -2.150000e+01
    endloop
  endfacet
  facet normal 1.000000e+00 2.153160e-16 0.000000e+00
    outer loop
      vertex   2.900000e+01 6.000000e+01 -2.150000e+01
      vertex   2.900000e+01 -6.000000e+00 8.500000e+00
      vertex   2.900000e+01 -6.000000e+00 -2.150000e+01
    endloop
  endfacet
  facet normal 0.000000e+00 -1.000000e+00 0.000000e+00
    outer loop
      vertex   2.700000e+01 -6.000000e+00 6.000000e+00
      vertex   2.900000e+01 -6.000000e+00 8.500000e+00
      vertex   -2.000000e+00 -6.000000e+00 6.000000e+00
    endloop
  endfacet
  facet normal 0.000000e+00 -1.000000e+00 0.000000e+00
    outer loop
      vertex   -2.000000e+00 -6.000000e+00 6.000000e+00
      vertex   2.900000e+01 -6.000000e+00 8.500000e+00
      vertex   -4.000000e+00 -6.000000e+00 8.500000e+00
    endloop
  endfacet
  facet normal -0.000000e+00 -1.000000e+00 -0.000000e+00
    outer loop
      vertex   -2.000000e+00 -6.000000e+00 6.000000e+00
      vertex   -4.000000e+00 -6.000000e+00 8.500000e+00
      vertex   -2.000000e+00 -6.000000e+00 -2.000000e+00
    endloop
  endfacet
  facet normal -0.000000e+00 -1.000000e+00 0.000000e+00
    outer loop
      vertex   -2.000000e+00 -6.000000e+00 -2.000000e+00
      vertex   -4.000000e+00 -6.000000e+00 8.500000e+00
      vertex   -4.000000e+00 -6.000000e+00 -2.150000e+01
    endloop
  endfacet
  facet normal 0.000000e+00 -1.000000e+00 -0.000000e+00
    outer loop
      vertex   -2.000000e+00 -6.000000e+00 -2.000000e+00
      vertex   -4.000000e+00 -6.000000e+00 -2.150000e+01
      vertex   -9.659256e-01 -6.000000e+00 -1.624118e+01
    endloop
  endfacet
  facet normal 0.000000e+00 -1.000000e+00 0.000000e+00
    outer loop
      vertex   -9.659256e-01 -6.000000e+00 -1.624118e+01
      vertex   -4.000000e+00 -6.000000e+00 -2.150000e+01
      vertex   -9.999998e-01 -6.000000e+00 -1.650000e+01
    endloop
  endfacet
  facet normal 0.000000e+00 -1.000000e+00 -0.000000e+00
    outer loop
      vertex   -9.999998e-01 -6.000000e+00 -1.650000e+01
      vertex   -4.000000e+00 -6.000000e+00 -2.150000e+01
      vertex   -9.999998e-01 -6.000000e+00 -1.950000e+01
    endloop
  endfacet
  facet normal 0.000000e+00 -1.000000e+00 -0.000000e+00
    outer loop
      vertex   -9.999998e-01 -6.000000e+00 -1.950000e+01
      vertex   -4.000000e+00 -6.000000e+00 -2.150000e+01
      vertex   -9.659256e-01 -6.000000e+00 -1.975882e+01
    endloop
  endfacet
  facet normal 0.000000e+00 -1.000000e+00 -0.000000e+00
    outer loop
      vertex   -9.659256e-01 -6.000000e+00 -1.975882e+01
      vertex   -4.000000e+00 -6.000000e+00 -2.150000e+01
      vertex   -8.660252e-01 -6.000000e+00 -2.000000e+01
    endloop
  endfacet
  facet normal 0.000000e+00 -1.000000e+00 -0.000000e+00
    outer loop
      vertex   -8.660252e-01 -6.000000e+00 -2.000000e+01
      vertex   -4.000000e+00 -6.000000e+00 -2.150000e+01
      vertex   -7.071066e-01 -6.000000e+00 -2.020711e+01
    endloop
  endfacet
  facet normal 0.000000e+00 -1.000000e+00 -0.000000e+00
    outer loop
      vertex   -7.071066e-01 -6.000000e+00 -2.020711e+01
      vertex   -4.000000e+00 -6.000000e+00 -2.150000e+01
      vertex   -4.999998e-01 -6.000000e+00 -2.036603e+01
    endloop
  endfacet
  facet normal 0.000000e+00 -1.000000e+00 -0.000000e+00
    outer loop
      vertex   -4.999998e-01 -6.000000e+00 -2.036603e+01
      vertex   -4.000000e+00 -6.000000e+00 -2.150000e+01
      vertex   -2.588189e-01 -6.000000e+00 -2.046593e+01
    endloop
  endfacet
  facet normal 0.000000e+00 -1.000000e+00 -0.000000e+00
    outer loop
      vertex   -2.588189e-01 -6.000000e+00 -2.046593e+01
      vertex   -4.000000e+00 -6.000000e+00 -2.150000e+01
      vertex   1.862645e-07 -6.000000e+00 -2.050000e+01
    endloop
  endfacet
  facet normal 0.000000e+00 -1.000000e+00 -0.000000e+00
    outer loop
      vertex   1.862645e-07 -6.000000e+00 -2.050000e+01
      vertex   -4.000000e+00 -6.000000e+00 -2.150000e+01
      vertex   3.000000e+00 -6.000000e+00 -2.050000e+01
    endloop
  endfacet
  facet normal 0.000000e+00 -1.000000e+00 -0.000000e+00
    outer loop
      vertex   3.000000e+00 -6.000000e+00 -2.050000e+01
      vertex   -4.000000e+00 -6.000000e+00 -2.150000e+01
      vertex   2.900000e+01 -6.000000e+00 -2.150000e+01
    endloop
  endfacet
  facet normal 0.000000e+00 -1.000000e+00 0.000000e+00
    outer loop
      vertex   3.000000e+00 -6.000000e+00 -2.050000e+01
      vertex   2.900000e+01 -6.000000e+00 -2.150000e+01
      vertex   2.200000e+01 -6.000000e+00 -2.050000e+01
    endloop
  endfacet
  facet normal 0.000000e+00 -1.000000e+00 0.000000e+00
    outer loop
      vertex   2.200000e+01 -6.000000e+00 -2.050000e+01
      vertex   2.900000e+01 -6.000000e+00 -2.150000e+01
      vertex   2.500000e+01 -6.000000e+00 -2.050000e+01
    endloop
  endfacet
  facet normal 0.000000e+00 -1.000000e+00 0.000000e+00
    outer loop
      vertex   2.500000e+01 -6.000000e+00 -2.050000e+01
      vertex   2.900000e+01 -6.000000e+00 -2.150000e+01
      vertex   2.525882e+01 -6.000000e+00 -2.046593e+01
    endloop
  endfacet
  facet normal 0.000000e+00 -1.000000e+00 0.000000e+00
    outer loop
      vertex   2.525882e+01 -6.000000e+00 -2.046593e+01
      vertex   2.900000e+01 -6.000000e+00 -2.150000e+01
      vertex   2.550000e+01 -6.000000e+00 -2.036603e+01
    endloop
  endfacet
  facet normal 0.000000e+00 -1.000000e+00 0.000000e+00
    outer loop
      vertex   2.550000e+01 -6.000000e+00 -2.036603e+01
      vertex   2.900000e+01 -6.000000e+00 -2.150000e+01
      vertex   2.570711e+01 -6.000000e+00 -2.020711e+01
    endloop
  endfacet
  facet normal 0.000000e+00 -1.000000e+00 0.000000e+00
    outer loop
      vertex   2.570711e+01 -6.000000e+00 -2.020711e+01
      vertex   2.900000e+01 -6.000000e+00 -2.150000e+01
      vertex   2.586603e+01 -6.000000e+00 -2.000000e+01
    endloop
  endfacet
  facet normal 0.000000e+00 -1.000000e+00 0.000000e+00
    outer loop
      vertex   2.586603e+01 -6.000000e+00 -2.000000e+01
      vertex   2.900000e+01 -6.000000e+00 -2.150000e+01
      vertex   2.596593e+01 -6.000000e+00 -1.975882e+01
    endloop
  endfacet
  facet normal 0.000000e+00 -1.000000e+00 0.000000e+00
    outer loop
      vertex   2.596593e+01 -6.000000e+00 -1.975882e+01
      vertex   2.900000e+01 -6.000000e+00 -2.150000e+01
      vertex   2.600000e+01 -6.000000e+00 -1.950000e+01
    endloop
  endfacet
  facet normal 0.000000e+00 -1.000000e+00 0.000000e+00
    outer loop
      vertex   2.600000e+01 -6.000000e+00 -1.950000e+01
      vertex   2.900000e+01 -6.000000e+00 -2.150000e+01
      vertex   2.600000e+01 -6.000000e+00 -1.650000e+01
    endloop
  endfacet
  facet normal 0.000000e+00 -1.000000e+00 0.000000e+00
    outer loop
      vertex   2.600000e+01 -6.000000e+00 -1.650000e+01
      vertex   2.900000e+01 -6.000000e+00 -2.150000e+01
      vertex   2.596593e+01 -6.000000e+00 -1.624118e+01
    endloop
  endfacet
  facet normal 0.000000e+00 -1.000000e+00 0.000000e+00
    outer loop
      vertex   2.596593e+01 -6.000000e+00 -1.624118e+01
      vertex   2.900000e+01 -6.000000e+00 -2.150000e+01
      vertex   2.700000e+01 -6.000000e+00 -2.000000e+00
    endloop
  endfacet
  facet normal 0.000000e+00 -1.000000e+00 0.000000e+00
    outer loop
      vertex   2.596593e+01 -6.000000e+00 -1.624118e+01
      vertex   2.700000e+01 -6.000000e+00 -2.000000e+00
      vertex   2.586603e+01 -6.000000e+00 -1.600000e+01
    endloop
  endfacet
  facet normal 0.000000e+00 -1.000000e+00 0.000000e+00
    outer loop
      vertex   2.586603e+01 -6.000000e+00 -1.600000e+01
      vertex   2.700000e+01 -6.000000e+00 -2.000000e+00
      vertex   2.570711e+01 -6.000000e+00 -1.579289e+01
    endloop
  endfacet
  facet normal 0.000000e+00 -1.000000e+00 0.000000e+00
    outer loop
      vertex   2.570711e+01 -6.000000e+00 -1.579289e+01
      vertex   2.700000e+01 -6.000000e+00 -2.000000e+00
      vertex   2.550000e+01 -6.000000e+00 -1.563397e+01
    endloop
  endfacet
  facet normal 0.000000e+00 -1.000000e+00 0.000000e+00
    outer loop
      vertex   2.550000e+01 -6.000000e+00 -1.563397e+01
      vertex   2.700000e+01 -6.000000e+00 -2.000000e+00
      vertex   2.525882e+01 -6.000000e+00 -1.553407e+01
    endloop
  endfacet
  facet normal 0.000000e+00 -1.000000e+00 0.000000e+00
    outer loop
      vertex   2.525882e+01 -6.000000e+00 -1.553407e+01
      vertex   2.700000e+01 -6.000000e+00 -2.000000e+00
      vertex   2.500000e+01 -6.000000e+00 -1.550000e+01
    endloop
  endfacet
  facet normal 0.000000e+00 -1.000000e+00 0.000000e+00
    outer loop
      vertex   2.500000e+01 -6.000000e+00 -1.550000e+01
      vertex   2.700000e+01 -6.000000e+00 -2.000000e+00
      vertex   2.200000e+01 -6.000000e+00 -1.550000e+01
    endloop
  endfacet
  facet normal -0.000000e+00 -1.000000e+00 0.000000e+00
    outer loop
      vertex   2.200000e+01 -6.000000e+00 -1.550000e+01
      vertex   2.700000e+01 -6.000000e+00 -2.000000e+00
      vertex   2.174118e+01 -6.000000e+00 -1.553407e+01
    endloop
  endfacet
  facet normal -0.000000e+00 -1.000000e+00 0.000000e+00
    outer loop
      vertex   2.174118e+01 -6.000000e+00 -1.553407e+01
      vertex   2.700000e+01 -6.000000e+00 -2.000000e+00
      vertex   2.150000e+01 -6.000000e+00 -1.563397e+01
    endloop
  endfacet
  facet normal 0.000000e+00 -1.000000e+00 0.000000e+00
    outer loop
      vertex   2.150000e+01 -6.000000e+00 -1.563397e+01
      vertex   2.700000e+01 -6.000000e+00 -2.000000e+00
      vertex   3.500000e+00 -6.000000e+00 -1.563397e+01
    endloop
  endfacet
  facet normal -0.000000e+00 -1.000000e+00 0.000000e+00
    outer loop
      vertex   2.150000e+01 -6.000000e+00 -1.563397e+01
      vertex   3.500000e+00 -6.000000e+00 -1.563397e+01
      vertex   2.129289e+01 -6.000000e+00 -1.579289e+01
    endloop
  endfacet
  facet normal 0.000000e+00 -1.000000e+00 0.000000e+00
    outer loop
      vertex   2.129289e+01 -6.000000e+00 -1.579289e+01
      vertex   3.500000e+00 -6.000000e+00 -1.563397e+01
      vertex   3.707107e+00 -6.000000e+00 -1.579289e+01
    endloop
  endfacet
  facet normal -0.000000e+00 -1.000000e+00 0.000000e+00
    outer loop
      vertex   2.129289e+01 -6.000000e+00 -1.579289e+01
      vertex   3.707107e+00 -6.000000e+00 -1.579289e+01
      vertex   2.113397e+01 -6.000000e+00 -1.600000e+01
    endloop
  endfacet
  facet normal 0.000000e+00 -1.000000e+00 0.000000e+00
    outer loop
      vertex   2.113397e+01 -6.000000e+00 -1.600000e+01
      vertex   3.707107e+00 -6.000000e+00 -1.579289e+01
      vertex   3.866026e+00 -6.000000e+00 -1.600000e+01
    endloop
  endfacet
  facet normal -0.000000e+00 -1.000000e+00 0.000000e+00
    outer loop
      vertex   2.113397e+01 -6.000000e+00 -1.600000e+01
      vertex   3.866026e+00 -6.000000e+00 -1.600000e+01
      vertex   3.965926e+00 -6.000000e+00 -1.624118e+01
    endloop
  endfacet
  facet normal 0.000000e+00 -1.000000e+00 0.000000e+00
    outer loop
      vertex   2.700000e+01 -6.000000e+00 6.000000e+00
      vertex   2.700000e+01 -6.000000e+00 -2.000000e+00
      vertex   2.900000e+01 -6.000000e+00 8.500000e+00
    endloop
  endfacet
  facet normal 0.000000e+00 -1.000000e+00 -0.000000e+00
    outer loop
      vertex   2.900000e+01 -6.000000e+00 8.500000e+00
      vertex   2.700000e+01 -6.000000e+00 -2.000000e+00
      vertex   2.900000e+01 -6.000000e+00 -2.150000e+01
    endloop
  endfacet
  facet normal -0.000000e+00 -1.000000e+00 0.000000e+00
    outer loop
      vertex   2.700000e+01 -6.000000e+00 -2.000000e+00
      vertex   -2.000000e+00 -6.000000e+00 -2.000000e+00
      vertex   3.500000e+00 -6.000000e+00 -1.563397e+01
    endloop
  endfacet
  facet normal 0.000000e+00 -1.000000e+00 0.000000e+00
    outer loop
      vertex   3.500000e+00 -6.000000e+00 -1.563397e+01
      vertex   -2.000000e+00 -6.000000e+00 -2.000000e+00
      vertex   3.258819e+00 -6.000000e+00 -1.553407e+01
    endloop
  endfacet
  facet normal 0.000000e+00 -1.000000e+00 0.000000e+00
    outer loop
      vertex   3.258819e+00 -6.000000e+00 -1.553407e+01
      vertex   -2.000000e+00 -6.000000e+00 -2.000000e+00
      vertex   3.000000e+00 -6.000000e+00 -1.550000e+01
    endloop
  endfacet
  facet normal 0.000000e+00 -1.000000e+00 0.000000e+00
    outer loop
      vertex   3.000000e+00 -6.000000e+00 -1.550000e+01
      vertex   -2.000000e+00 -6.000000e+00 -2.000000e+00
      vertex   1.862645e-07 -6.000000e+00 -1.550000e+01
    endloop
  endfacet
  facet normal -0.000000e+00 -1.000000e+00 0.000000e+00
    outer loop
      vertex   1.862645e-07 -6.000000e+00 -1.550000e+01
      vertex   -2.000000e+00 -6.000000e+00 -2.000000e+00
      vertex   -2.588189e-01 -6.000000e+00 -1.553407e+01
    endloop
  endfacet
  facet normal -0.000000e+00 -1.000000e+00 0.000000e+00
    outer loop
      vertex   -2.588189e-01 -6.000000e+00 -1.553407e+01
      vertex   -2.000000e+00 -6.000000e+00 -2.000000e+00
      vertex   -4.999998e-01 -6.000000e+00 -1.563397e+01
    endloop
  endfacet
  facet normal -0.000000e+00 -1.000000e+00 0.000000e+00
    outer loop
      vertex   -4.999998e-01 -6.000000e+00 -1.563397e+01
      vertex   -2.000000e+00 -6.000000e+00 -2.000000e+00
      vertex   -7.071066e-01 -6.000000e+00 -1.579289e+01
    endloop
  endfacet
  facet normal -0.000000e+00 -1.000000e+00 0.000000e+00
    outer loop
      vertex   -7.071066e-01 -6.000000e+00 -1.579289e+01
      vertex   -2.000000e+00 -6.000000e+00 -2.000000e+00
      vertex   -8.660252e-01 -6.000000e+00 -1.600000e+01
    endloop
  endfacet
  facet normal -0.000000e+00 -1.000000e+00 0.000000e+00
    outer loop
      vertex   -8.660252e-01 -6.000000e+00 -1.600000e+01
      vertex   -2.000000e+00 -6.000000e+00 -2.000000e+00
      vertex   -9.659256e-01 -6.000000e+00 -1.624118e+01
    endloop
  endfacet
  facet normal 0.000000e+00 -1.000000e+00 0.000000e+00
    outer loop
      vertex   2.200000e+01 -6.000000e+00 -2.050000e+01
      vertex   2.174118e+01 -6.000000e+00 -2.046593e+01
      vertex   3.000000e+00 -6.000000e+00 -2.050000e+01
    endloop
  endfacet
  facet normal 0.000000e+00 -1.000000e+00 0.000000e+00
    outer loop
      vertex   3.000000e+00 -6.000000e+00 -2.050000e+01
      vertex   2.174118e+01 -6.000000e+00 -2.046593e+01
      vertex   3.258819e+00 -6.000000e+00 -2.046593e+01
    endloop
  endfacet
  facet normal 0.000000e+00 -1.000000e+00 0.000000e+00
    outer loop
      vertex   3.258819e+00 -6.000000e+00 -2.046593e+01
      vertex   2.174118e+01 -6.000000e+00 -2.046593e+01
      vertex   3.500000e+00 -6.000000e+00 -2.036603e+01
    endloop
  endfacet
  facet normal 0.000000e+00 -1.000000e+00 0.000000e+00
    outer loop
      vertex   3.500000e+00 -6.000000e+00 -2.036603e+01
      vertex   2.174118e+01 -6.000000e+00 -2.046593e+01
      vertex   2.150000e+01 -6.000000e+00 -2.036603e+01
    endloop
  endfacet
  facet normal 0.000000e+00 -1.000000e+00 0.000000e+00
    outer loop
      vertex   3.500000e+00 -6.000000e+00 -2.036603e+01
      vertex   2.150000e+01 -6.000000e+00 -2.036603e+01
      vertex   3.707107e+00 -6.000000e+00 -2.020711e+01
    endloop
  endfacet
  facet normal 0.000000e+00 -1.000000e+00 0.000000e+00
    outer loop
      vertex   3.707107e+00 -6.000000e+00 -2.020711e+01
      vertex   2.150000e+01 -6.000000e+00 -2.036603e+01
      vertex   2.129289e+01 -6.000000e+00 -2.020711e+01
    endloop
  endfacet
  facet normal 0.000000e+00 -1.000000e+00 0.000000e+00
    outer loop
      vertex   3.707107e+00 -6.000000e+00 -2.020711e+01
      vertex   2.129289e+01 -6.000000e+00 -2.020711e+01
      vertex   3.866026e+00 -6.000000e+00 -2.000000e+01
    endloop
  endfacet
  facet normal 0.000000e+00 -1.000000e+00 0.000000e+00
    outer loop
      vertex   3.866026e+00 -6.000000e+00 -2.000000e+01
      vertex   2.129289e+01 -6.000000e+00 -2.020711e+01
      vertex   2.113397e+01 -6.000000e+00 -2.000000e+01
    endloop
  endfacet
  facet normal 0.000000e+00 -1.000000e+00 0.000000e+00
    outer loop
      vertex   3.866026e+00 -6.000000e+00 -2.000000e+01
      vertex   2.113397e+01 -6.000000e+00 -2.000000e+01
      vertex   3.965926e+00 -6.000000e+00 -1.975882e+01
    endloop
  endfacet
  facet normal 0.000000e+00 -1.000000e+00 0.000000e+00
    outer loop
      vertex   3.965926e+00 -6.000000e+00 -1.975882e+01
      vertex   2.113397e+01 -6.000000e+00 -2.000000e+01
      vertex   2.103407e+01 -6.000000e+00 -1.975882e+01
    endloop
  endfacet
  facet normal 0.000000e+00 -1.000000e+00 0.000000e+00
    outer loop
      vertex   3.965926e+00 -6.000000e+00 -1.975882e+01
      vertex   2.103407e+01 -6.000000e+00 -1.975882e+01
      vertex   4.000000e+00 -6.000000e+00 -1.950000e+01
    endloop
  endfacet
  facet normal 0.000000e+00 -1.000000e+00 0.000000e+00
    outer loop
      vertex   4.000000e+00 -6.000000e+00 -1.950000e+01
      vertex   2.103407e+01 -6.000000e+00 -1.975882e+01
      vertex   2.100000e+01 -6.000000e+00 -1.950000e+01
    endloop
  endfacet
  facet normal 0.000000e+00 -1.000000e+00 0.000000e+00
    outer loop
      vertex   4.000000e+00 -6.000000e+00 -1.950000e+01
      vertex   2.100000e+01 -6.000000e+00 -1.950000e+01
      vertex   2.100000e+01 -6.000000e+00 -1.650000e+01
    endloop
  endfacet
  facet normal 0.000000e+00 -1.000000e+00 0.000000e+00
    outer loop
      vertex   4.000000e+00 -6.000000e+00 -1.950000e+01
      vertex   2.100000e+01 -6.000000e+00 -1.650000e+01
      vertex   4.000000e+00 -6.000000e+00 -1.650000e+01
    endloop
  endfacet
  facet normal 0.000000e+00 -1.000000e+00 0.000000e+00
    outer loop
      vertex   4.000000e+00 -6.000000e+00 -1.650000e+01
      vertex   2.100000e+01 -6.000000e+00 -1.650000e+01
      vertex   2.103407e+01 -6.000000e+00 -1.624118e+01
    endloop
  endfacet
  facet normal 0.000000e+00 -1.000000e+00 0.000000e+00
    outer loop
      vertex   4.000000e+00 -6.000000e+00 -1.650000e+01
      vertex   2.103407e+01 -6.000000e+00 -1.624118e+01
      vertex   3.965926e+00 -6.000000e+00 -1.624118e+01
    endloop
  endfacet
  facet normal 0.000000e+00 -1.000000e+00 0.000000e+00
    outer loop
      vertex   3.965926e+00 -6.000000e+00 -1.624118e+01
      vertex   2.103407e+01 -6.000000e+00 -1.624118e+01
      vertex   2.113397e+01 -6.000000e+00 -1.600000e+01
    endloop
  endfacet
  facet normal 0.000000e+00 -0.000000e+00 1.000000e+00
    outer loop
      vertex   2.700000e+01 -4.000000e+00 1.050000e+01
      vertex   2.700000e+01 5.800000e+01 1.050000e+01
      vertex   -2.000000e+00 -4.000000e+00 1.050000e+01
    endloop
  endfacet
  facet normal 0.000000e+00 0.000000e+00 1.000000e+00
    outer loop
      vertex   -2.000000e+00 -4.000000e+00 1.050000e+01
      vertex   2.700000e+01 5.800000e+01 1.050000e+01
      vertex   -2.000000e+00 5.800000e+01 1.050000e+01
    endloop
  endfacet
  facet normal 0.000000e+00 0.000000e+00 -1.000000e+00
    outer loop
      vertex   2.094230e+01 5.800000e+01 -1.000000e+00
      vertex   4.000000e+00 5.800000e+01 -1.000000e+00
      vertex   2.094230e+01 6.000000e+01 -1.000000e+00
    endloop
  endfacet
  facet normal -0.000000e+00 0.000000e+00 -1.000000e+00
    outer loop
      vertex   2.094230e+01 6.000000e+01 -1.000000e+00
      vertex   4.000000e+00 5.800000e+01 -1.000000e+00
      vertex   4.000000e+00 6.000000e+01 -1.000000e+00
    endloop
  endfacet
  facet normal -0.000000e+00 -1.000000e+00 0.000000e+00
    outer loop
      vertex   7.035291e+00 5.800000e+01 -2.146843e+01
      vertex   7.268826e+00 5.800000e+01 -2.137573e+01
      vertex   6.786020e+00 5.800000e+01 -2.150000e+01
    endloop
  endfacet
  facet normal 0.000000e+00 -1.000000e+00 0.000000e+00
    outer loop
      vertex   6.786020e+00 5.800000e+01 -2.150000e+01
      vertex   7.268826e+00 5.800000e+01 -2.137573e+01
      vertex   7.471879e+00 5.800000e+01 -2.122773e+01
    endloop
  endfacet
  facet normal 0.000000e+00 -1.000000e+00 0.000000e+00
    outer loop
      vertex   6.786020e+00 5.800000e+01 -2.150000e+01
      vertex   7.471879e+00 5.800000e+01 -2.122773e+01
      vertex   7.631633e+00 5.800000e+01 -2.103380e+01
    endloop
  endfacet
  facet normal -0.000000e+00 -1.000000e+00 0.000000e+00
    outer loop
      vertex   7.631633e+00 5.800000e+01 -2.103380e+01
      vertex   7.738000e+00 5.800000e+01 -2.080616e+01
      vertex   6.786020e+00 5.800000e+01 -2.150000e+01
    endloop
  endfacet
  facet normal 0.000000e+00 -1.000000e+00 0.000000e+00
    outer loop
      vertex   6.786020e+00 5.800000e+01 -2.150000e+01
      vertex   7.738000e+00 5.800000e+01 -2.080616e+01
      vertex   7.784266e+00 5.800000e+01 -2.055919e+01
    endloop
  endfacet
  facet normal 0.000000e+00 -1.000000e+00 0.000000e+00
    outer loop
      vertex   6.786020e+00 5.800000e+01 -2.150000e+01
      vertex   7.784266e+00 5.800000e+01 -2.055919e+01
      vertex   7.767510e+00 5.800000e+01 -2.030849e+01
    endloop
  endfacet
  facet normal 0.000000e+00 -1.000000e+00 0.000000e+00
    outer loop
      vertex   6.786020e+00 5.800000e+01 -2.150000e+01
      vertex   7.767510e+00 5.800000e+01 -2.030849e+01
      vertex   -2.000000e+00 5.800000e+01 -2.150000e+01
    endloop
  endfacet
  facet normal 0.000000e+00 -1.000000e+00 0.000000e+00
    outer loop
      vertex   -2.000000e+00 5.800000e+01 -2.150000e+01
      vertex   7.767510e+00 5.800000e+01 -2.030849e+01
      vertex   4.000000e+00 5.800000e+01 -1.000000e+00
    endloop
  endfacet
  facet normal 0.000000e+00 -1.000000e+00 0.000000e+00
    outer loop
      vertex   -2.000000e+00 5.800000e+01 -2.150000e+01
      vertex   4.000000e+00 5.800000e+01 -1.000000e+00
      vertex   -2.000000e+00 5.800000e+01 6.500000e+00
    endloop
  endfacet
  facet normal 0.000000e+00 -1.000000e+00 0.000000e+00
    outer loop
      vertex   -2.000000e+00 5.800000e+01 6.500000e+00
      vertex   4.000000e+00 5.800000e+01 -1.000000e+00
      vertex   2.094230e+01 5.800000e+01 -1.000000e+00
    endloop
  endfacet
  facet normal 0.000000e+00 -1.000000e+00 0.000000e+00
    outer loop
      vertex   -2.000000e+00 5.800000e+01 6.500000e+00
      vertex   2.094230e+01 5.800000e+01 -1.000000e+00
      vertex   2.700000e+01 5.800000e+01 6.500000e+00
    endloop
  endfacet
  facet normal 0.000000e+00 -1.000000e+00 -0.000000e+00
    outer loop
      vertex   2.700000e+01 5.800000e+01 6.500000e+00
      vertex   2.094230e+01 5.800000e+01 -1.000000e+00
      vertex   2.700000e+01 5.800000e+01 -2.150000e+01
    endloop
  endfacet
  facet normal 0.000000e+00 -1.000000e+00 0.000000e+00
    outer loop
      vertex   2.700000e+01 5.800000e+01 -2.150000e+01
      vertex   2.094230e+01 5.800000e+01 -1.000000e+00
      vertex   1.714591e+01 5.800000e+01 -2.030706e+01
    endloop
  endfacet
  facet normal 0.000000e+00 -1.000000e+00 0.000000e+00
    outer loop
      vertex   2.700000e+01 5.800000e+01 -2.150000e+01
      vertex   1.714591e+01 5.800000e+01 -2.030706e+01
      vertex   1.812712e+01 5.800000e+01 -2.150000e+01
    endloop
  endfacet
  facet normal 0.000000e+00 -1.000000e+00 0.000000e+00
    outer loop
      vertex   1.812712e+01 5.800000e+01 -2.150000e+01
      vertex   1.714591e+01 5.800000e+01 -2.030706e+01
      vertex   1.712880e+01 5.800000e+01 -2.055795e+01
    endloop
  endfacet
  facet normal 0.000000e+00 -1.000000e+00 0.000000e+00
    outer loop
      vertex   1.812712e+01 5.800000e+01 -2.150000e+01
      vertex   1.712880e+01 5.800000e+01 -2.055795e+01
      vertex   1.717482e+01 5.800000e+01 -2.080517e+01
    endloop
  endfacet
  facet normal 0.000000e+00 -1.000000e+00 0.000000e+00
    outer loop
      vertex   1.717482e+01 5.800000e+01 -2.080517e+01
      vertex   1.728107e+01 5.800000e+01 -2.103309e+01
      vertex   1.812712e+01 5.800000e+01 -2.150000e+01
    endloop
  endfacet
  facet normal 0.000000e+00 -1.000000e+00 0.000000e+00
    outer loop
      vertex   1.812712e+01 5.800000e+01 -2.150000e+01
      vertex   1.728107e+01 5.800000e+01 -2.103309e+01
      vertex   1.744081e+01 5.800000e+01 -2.122731e+01
    endloop
  endfacet
  facet normal 0.000000e+00 -1.000000e+00 0.000000e+00
    outer loop
      vertex   1.812712e+01 5.800000e+01 -2.150000e+01
      vertex   1.744081e+01 5.800000e+01 -2.122731e+01
      vertex   1.764395e+01 5.800000e+01 -2.137553e+01
    endloop
  endfacet
  facet normal 0.000000e+00 -1.000000e+00 0.000000e+00
    outer loop
      vertex   1.764395e+01 5.800000e+01 -2.137553e+01
      vertex   1.787765e+01 5.800000e+01 -2.146838e+01
      vertex   1.812712e+01 5.800000e+01 -2.150000e+01
    endloop
  endfacet
  facet normal 0.000000e+00 0.000000e+00 -1.000000e+00
    outer loop
      vertex   -2.000000e+00 5.800000e+01 6.500000e+00
      vertex   2.700000e+01 5.800000e+01 6.500000e+00
      vertex   -2.000000e+00 -2.000000e+00 6.500000e+00
    endloop
  endfacet
  facet normal 0.000000e+00 0.000000e+00 -1.000000e+00
    outer loop
      vertex   -2.000000e+00 -2.000000e+00 6.500000e+00
      vertex   2.700000e+01 5.800000e+01 6.500000e+00
      vertex   2.700000e+01 -2.000000e+00 6.500000e+00
    endloop
  endfacet
  facet normal 0.000000e+00 1.000000e+00 0.000000e+00
    outer loop
      vertex   2.074567e+01 -4.000000e+00 -2.000000e+00
      vertex   1.714591e+01 -4.000000e+00 -2.030706e+01
      vertex   4.195122e+00 -4.000000e+00 -2.000000e+00
    endloop
  endfacet
  facet normal 0.000000e+00 1.000000e+00 0.000000e+00
    outer loop
      vertex   4.195122e+00 -4.000000e+00 -2.000000e+00
      vertex   1.714591e+01 -4.000000e+00 -2.030706e+01
      vertex   7.767510e+00 -4.000000e+00 -2.030849e+01
    endloop
  endfacet
  facet normal -0.000000e+00 1.000000e+00 0.000000e+00
    outer loop
      vertex   7.767510e+00 -4.000000e+00 -2.030849e+01
      vertex   1.714591e+01 -4.000000e+00 -2.030706e+01
      vertex   1.712880e+01 -4.000000e+00 -2.055795e+01
    endloop
  endfacet
  facet normal 0.000000e+00 1.000000e+00 0.000000e+00
    outer loop
      vertex   7.767510e+00 -4.000000e+00 -2.030849e+01
      vertex   1.712880e+01 -4.000000e+00 -2.055795e+01
      vertex   7.784266e+00 -4.000000e+00 -2.055919e+01
    endloop
  endfacet
  facet normal -0.000000e+00 1.000000e+00 0.000000e+00
    outer loop
      vertex   7.784266e+00 -4.000000e+00 -2.055919e+01
      vertex   1.712880e+01 -4.000000e+00 -2.055795e+01
      vertex   1.717482e+01 -4.000000e+00 -2.080517e+01
    endloop
  endfacet
  facet normal 0.000000e+00 1.000000e+00 0.000000e+00
    outer loop
      vertex   7.784266e+00 -4.000000e+00 -2.055919e+01
      vertex   1.717482e+01 -4.000000e+00 -2.080517e+01
      vertex   7.738000e+00 -4.000000e+00 -2.080616e+01
    endloop
  endfacet
  facet normal -0.000000e+00 1.000000e+00 0.000000e+00
    outer loop
      vertex   7.738000e+00 -4.000000e+00 -2.080616e+01
      vertex   1.717482e+01 -4.000000e+00 -2.080517e+01
      vertex   1.728107e+01 -4.000000e+00 -2.103309e+01
    endloop
  endfacet
  facet normal 0.000000e+00 1.000000e+00 0.000000e+00
    outer loop
      vertex   7.738000e+00 -4.000000e+00 -2.080616e+01
      vertex   1.728107e+01 -4.000000e+00 -2.103309e+01
      vertex   7.631633e+00 -4.000000e+00 -2.103380e+01
    endloop
  endfacet
  facet normal -0.000000e+00 1.000000e+00 0.000000e+00
    outer loop
      vertex   7.631633e+00 -4.000000e+00 -2.103380e+01
      vertex   1.728107e+01 -4.000000e+00 -2.103309e+01
      vertex   1.744081e+01 -4.000000e+00 -2.122731e+01
    endloop
  endfacet
  facet normal 0.000000e+00 1.000000e+00 0.000000e+00
    outer loop
      vertex   7.631633e+00 -4.000000e+00 -2.103380e+01
      vertex   1.744081e+01 -4.000000e+00 -2.122731e+01
      vertex   7.471879e+00 -4.000000e+00 -2.122773e+01
    endloop
  endfacet
  facet normal -0.000000e+00 1.000000e+00 0.000000e+00
    outer loop
      vertex   7.471879e+00 -4.000000e+00 -2.122773e+01
      vertex   1.744081e+01 -4.000000e+00 -2.122731e+01
      vertex   1.764395e+01 -4.000000e+00 -2.137553e+01
    endloop
  endfacet
  facet normal 0.000000e+00 1.000000e+00 0.000000e+00
    outer loop
      vertex   7.471879e+00 -4.000000e+00 -2.122773e+01
      vertex   1.764395e+01 -4.000000e+00 -2.137553e+01
      vertex   7.268826e+00 -4.000000e+00 -2.137573e+01
    endloop
  endfacet
  facet normal -0.000000e+00 1.000000e+00 0.000000e+00
    outer loop
      vertex   7.268826e+00 -4.000000e+00 -2.137573e+01
      vertex   1.764395e+01 -4.000000e+00 -2.137553e+01
      vertex   1.787765e+01 -4.000000e+00 -2.146838e+01
    endloop
  endfacet
  facet normal 0.000000e+00 1.000000e+00 0.000000e+00
    outer loop
      vertex   7.268826e+00 -4.000000e+00 -2.137573e+01
      vertex   1.787765e+01 -4.000000e+00 -2.146838e+01
      vertex   7.035291e+00 -4.000000e+00 -2.146843e+01
    endloop
  endfacet
  facet normal -0.000000e+00 1.000000e+00 0.000000e+00
    outer loop
      vertex   7.035291e+00 -4.000000e+00 -2.146843e+01
      vertex   1.787765e+01 -4.000000e+00 -2.146838e+01
      vertex   1.812712e+01 -4.000000e+00 -2.150000e+01
    endloop
  endfacet
  facet normal 0.000000e+00 1.000000e+00 0.000000e+00
    outer loop
      vertex   7.035291e+00 -4.000000e+00 -2.146843e+01
      vertex   1.812712e+01 -4.000000e+00 -2.150000e+01
      vertex   6.786020e+00 -4.000000e+00 -2.150000e+01
    endloop
  endfacet
  facet normal -0.000000e+00 0.000000e+00 -1.000000e+00
    outer loop
      vertex   1.812712e+01 -4.000000e+00 -2.150000e+01
      vertex   -4.000000e+00 -6.000000e+00 -2.150000e+01
      vertex   6.786020e+00 -4.000000e+00 -2.150000e+01
    endloop
  endfacet
  facet normal -0.000000e+00 0.000000e+00 -1.000000e+00
    outer loop
      vertex   6.786020e+00 -4.000000e+00 -2.150000e+01
      vertex   -4.000000e+00 -6.000000e+00 -2.150000e+01
      vertex   -2.000000e+00 -2.000000e+00 -2.150000e+01
    endloop
  endfacet
  facet normal 0.000000e+00 0.000000e+00 -1.000000e+00
    outer loop
      vertex   6.786020e+00 -4.000000e+00 -2.150000e+01
      vertex   -2.000000e+00 -2.000000e+00 -2.150000e+01
      vertex   6.786020e+00 -2.000000e+00 -2.150000e+01
    endloop
  endfacet
  facet normal 0.000000e+00 0.000000e+00 -1.000000e+00
    outer loop
      vertex   1.812712e+01 -2.000000e+00 -2.150000e+01
      vertex   2.700000e+01 -2.000000e+00 -2.150000e+01
      vertex   1.812712e+01 -4.000000e+00 -2.150000e+01
    endloop
  endfacet
  facet normal 0.000000e+00 0.000000e+00 -1.000000e+00
    outer loop
      vertex   1.812712e+01 -4.000000e+00 -2.150000e+01
      vertex   2.700000e+01 -2.000000e+00 -2.150000e+01
      vertex   2.900000e+01 -6.000000e+00 -2.150000e+01
    endloop
  endfacet
  facet normal 0.000000e+00 -0.000000e+00 -1.000000e+00
    outer loop
      vertex   1.812712e+01 -4.000000e+00 -2.150000e+01
      vertex   2.900000e+01 -6.000000e+00 -2.150000e+01
      vertex   -4.000000e+00 -6.000000e+00 -2.150000e+01
    endloop
  endfacet
  facet normal 0.000000e+00 0.000000e+00 -1.000000e+00
    outer loop
      vertex   2.900000e+01 -6.000000e+00 -2.150000e+01
      vertex   2.700000e+01 -2.000000e+00 -2.150000e+01
      vertex   2.900000e+01 6.000000e+01 -2.150000e+01
    endloop
  endfacet
  facet normal 0.000000e+00 0.000000e+00 -1.000000e+00
    outer loop
      vertex   2.900000e+01 6.000000e+01 -2.150000e+01
      vertex   2.700000e+01 -2.000000e+00 -2.150000e+01
      vertex   2.700000e+01 5.800000e+01 -2.150000e+01
    endloop
  endfacet
  facet normal -0.000000e+00 0.000000e+00 -1.000000e+00
    outer loop
      vertex   2.900000e+01 6.000000e+01 -2.150000e+01
      vertex   2.700000e+01 5.800000e+01 -2.150000e+01
      vertex   1.812712e+01 6.000000e+01 -2.150000e+01
    endloop
  endfacet
  facet normal 0.000000e+00 -0.000000e+00 -1.000000e+00
    outer loop
      vertex   1.812712e+01 6.000000e+01 -2.150000e+01
      vertex   2.700000e+01 5.800000e+01 -2.150000e+01
      vertex   1.812712e+01 5.800000e+01 -2.150000e+01
    endloop
  endfacet
  facet normal 0.000000e+00 0.000000e+00 -1.000000e+00
    outer loop
      vertex   -4.000000e+00 -6.000000e+00 -2.150000e+01
      vertex   -4.000000e+00 6.000000e+01 -2.150000e+01
      vertex   -2.000000e+00 -2.000000e+00 -2.150000e+01
    endloop
  endfacet
  facet normal 0.000000e+00 0.000000e+00 -1.000000e+00
    outer loop
      vertex   -2.000000e+00 -2.000000e+00 -2.150000e+01
      vertex   -4.000000e+00 6.000000e+01 -2.150000e+01
      vertex   -2.000000e+00 5.800000e+01 -2.150000e+01
    endloop
  endfacet
  facet normal 0.000000e+00 0.000000e+00 -1.000000e+00
    outer loop
      vertex   -2.000000e+00 5.800000e+01 -2.150000e+01
      vertex   -4.000000e+00 6.000000e+01 -2.150000e+01
      vertex   6.786020e+00 6.000000e+01 -2.150000e+01
    endloop
  endfacet
  facet normal 0.000000e+00 0.000000e+00 -1.000000e+00
    outer loop
      vertex   -2.000000e+00 5.800000e+01 -2.150000e+01
      vertex   6.786020e+00 6.000000e+01 -2.150000e+01
      vertex   6.786020e+00 5.800000e+01 -2.150000e+01
    endloop
  endfacet
  facet normal -1.000000e+00 -1.345725e-17 -0.000000e+00
    outer loop
      vertex   -4.000000e+00 -6.000000e+00 8.500000e+00
      vertex   -4.000000e+00 6.000000e+01 8.500000e+00
      vertex   -4.000000e+00 -6.000000e+00 -2.150000e+01
    endloop
  endfacet
  facet normal -1.000000e+00 0.000000e+00 -2.960595e-17
    outer loop
      vertex   -4.000000e+00 -6.000000e+00 -2.150000e+01
      vertex   -4.000000e+00 6.000000e+01 8.500000e+00
      vertex   -4.000000e+00 6.000000e+01 -2.150000e+01
    endloop
  endfacet
endsolid
